,AZ-10_S135,AZ-11_S136,AZ-12_S137,AZ-13_S138,AZ-14_S139,Az-15_S140,AZ-16_S141,AZ-17_S142,AZ-18_S143,AZ-19_S144,AZ-2_S145,AZ-20_S146,AZ-21_S147,AZ-22_S148,AZ-23_S149,AZ-24_S150,AZ-25_S151,AZ-3_S152,AZ-4_S153,AZ-5_S154,AZ-6_S155,AZ-7_S156,AZ-9_S157,ML-8_S158,AZ-10-RS_S292,AZ-11-RS_S293,AZ-12-RS_S294,AZ-13-RS_S295,AZ-14-RS_S296,AZ-15-RS_S297,AZ-16-RS_S298,AZ-17-RS_S299,AZ-18-RS_S300,AZ-19-RS_S301,AZ-2-RS_S302,AZ-23-RS_S303,AZ-24-RS_S304,AZ-25-RS_S305,AZ-6-RS_S306,AZ-7-RS_S307,AZ-8-RS_S308,AZ-9-RS_S309,AZ-10-SAL_S310,AZ-11-SAL_S311,AZ-12-SAL_S312,AZ-13-SAL_S313,AZ-14-SAL_S314,AZ-15-SAL_S315,AZ-16-SAL_S316,AZ-17-SAL_S317,AZ-18-SAL_S318,AZ-19-SAL_S319,AZ-2-SAL_S320,AZ-20-SAL_S321,AZ-21-SAL_S322,AZ-22-SAL_S323,AZ-23-SAL_S324,AZ-24-SAL_S325,AZ-25-SAL_S326,AZ-3-SAL_S327,AZ-4-SAL_S328,AZ-5-SAL_S329,AZ-6-SAL_S330,AZ-7-SAL_S331,AZ-8-SAL_S332,AZ-9-SAL_S333,Species
31,0.0198223225395723,0.00397493867659662,0.0231464232488823,0.00906859686343026,0.00828068592057762,0.00281613680317579,0.0081951946358726,0.00679900530408659,0.0260486840923381,0.00727974537820817,0.00636164124788177,0.00568761066695284,0.00586330131784677,0.00514771142386205,0.00580847723704867,0.00487399733350819,0.00538732092305053,0.0059814574818064,0.00171468447811783,0.00346941591594551,0.00461029327855757,0.00445789317266906,0.0165208602000627,0.00903202955016951,0.000160664078189851,0.000495407949392173,0,0,0,0.000311672120928783,0,0.00131696169190843,0.000651465798045603,0,0,0,8.74024006526046e-05,0.00168152009416513,0,0.000180954535173038,0.000375211056219123,0,0.0661638936401804,0.0132075471698113,0.0118653958373857,0.0269818391467282,0.0109272749722188,0.00970238744140412,0.00680786686838124,0.0209599570968895,0.0322485787100569,0.00410490307867731,0.00940860215053763,0.0183589829374373,0.00420229660395798,0.00683565935630874,0.00742277043990831,0.0214947498455837,0.0100958716493837,0.0122823203782724,0,0.0143146693691411,0.0106388242862091,0.0310642513444665,0.00563771549963232,0.00755867922026256,Actinomyces NA
32,0.0221084006134792,0.0014628956467772,0.00169988822652757,0.0466325554307584,0.00421931407942238,0.00105181013130662,0.001809328685842,0.00777645215541405,0.000898230485942693,0.00257330534299451,0.00652832180459483,0.00150238772334603,0.00277343459161641,0.00316977304425003,0.0108712715855573,0.000677551198828492,0.000600497555117097,0.00169474628651181,0.000378825640514405,0.00128131837804806,0.000707520255620221,0.00213438521600519,0.017601338398801,0.00432626625512321,0,0,0,0,0,0,0,0.000542278343727002,0,0,0,0,0,0,0,0,0,0,0.0139947131083813,0.00458949515553289,0.00350126434545808,0.00443931968867109,0.00861217434251142,0,0.00147997105834375,0.0214068644976761,0.0028915898843364,0.00900798175598632,0.0270885028949545,0.00740214118434259,0.00454434400195456,0.0108231273141555,0.0017465342211549,0.000370599135268684,0.00266092741146547,0.0026525198938992,0.00443178220955999,0,0.00272155970112326,0.000990659496178885,0.0456736661491952,0.00755867922026256,Actinomyces naeslundii
39,0,0,0,0,0,0,0,0,0,0,0,0,0,0,0,0,0,0,5.9814574818064e-05,0,0,0,0.000174270677215852,0.000227698223953853,0.0550542241263891,0.0176441446591212,0.0115830115830116,0,0.152049218244056,0.100358422939068,0.000833854492391078,0.0555835302320177,0.00225841476655809,0.00370773047865964,0,0.0151750777565968,0.0417200792448433,0.0746258617790483,0.0277344040449104,0.0210585840307623,0.0456819460946783,0.00326042308482235,0,0,0,0,0,0,0,0,0,0,0,0,0,0,0,0,0,0,0,0,0,0,0,0,Agathobacter NA
52,0,0.0116736117268079,0.00237518628912072,0.00723823786347186,0.0139666064981949,0.0310962575916941,0.000505547721044089,0.00554844830312352,0.000785951675199856,0.0039615358569784,8.33402783565297e-05,0.0397864463164672,0.0899784081602263,0.0462786864460505,0.000274725274725275,0.0132013201320132,0.000617654628120443,0.0407486790948061,0.038301266075167,0.0697234323562459,0.0622846057286317,0.0225866587415232,0.00275347670001046,0.0132064969893235,0,0,0,0,0,0,0,0,0,0,0,0,0,0,0,0,0,0,0.00062198724926139,0.00568587455379908,0.00149127925825066,0.010319976938599,0.0209902457093468,0.0636287655801446,0.00029599421166875,0.00116195924204505,0.00490099980396001,0.00205245153933865,0,0.00526932084309133,0.00464207182995358,0.0566473622582993,0,0.0186534898085238,0.00152612013304637,0.00784223272978895,0.0129787907565685,0.0369901190777806,0.109258251274185,0.0141522785168412,0.00996813465152382,0.00921628431242541,Alloprevotella NA
60,0,0,0,0,0,0,0,0,0,0,0,0,0,0,0,0,0,0,0,0,0,0,0,0,0.0712009639844691,0.0323920582294882,0.0208780208780209,0.0691922620057696,0.0481080580997317,0.0161679912731806,0.00233479257869502,0.0630204903745594,0.180412595005429,0.0229154470184829,0.00980912921845674,0.0457760610013043,0.0315522666355903,0.0921473011602489,0.0139787344783999,0.0219859760235241,0.0881120630354574,0.00967857876360649,0,0,0,0,0,0,0,0,0,0,0,0,0,0,0,0,0,0,0,0,0,0,0,0,Anaerostipes hadrus
84,0,5.91068948192807e-05,0,0,0,0,0,0,0,0,0,0,0,0,0,0,0,0,0,0,0,0,0,0,0.0870263756861695,0.0949658930680995,0,0.0846343118954692,0.0605051346100472,0.121474209131993,0.0096727121117365,0.0338536623155285,0.00612377850162866,0,0.000672828357944686,0.0541787900070232,0,0,0.0485537958212506,0.0461660257860213,0.205052842223751,0.0537327993427809,0,0,0,0,0,0,0,0,0,0,0,0,0,0,0,0,0,0,0,0,0,0,0,0,Bacteroides vulgatus
87,0.0017362618282837,0.00560037828412684,0.00249161698956781,0.004575897499896,0.00834837545126354,0.0103993485563058,0.00388473511960195,0.00894076384596588,0.00487290038623911,0.00700887113157717,0.00263910881462344,0.00321940226431293,0.0104981014071923,0.00309369849118803,0.0064756671899529,0.00677551198828492,0.00614223213519774,0.00341441531253115,0.0023327684179045,0.00508584833132922,0.0051808741298642,0.00380947234755356,0.00421735038862361,0.00855133329960026,0,0,0,0,0,0,0,0,0,0,0,0,0,0,0,0,0,0,0.00345980407401648,0.0374043855175931,0.00197756597289762,0.00876333237244163,0.0036732929991357,0.00723136741887423,0.00486746036966388,0.0224794422595638,0.0452362281905509,0.00661345496009122,0.00155086848635236,0.00271830043492807,0.0990471536770095,0.00382923510237666,0.0135902194083615,0.00222359481161211,0.00770886323615731,0.0243339868527275,0.00126622348844571,0.00101342791993919,0.0029689742194072,0.00134446645909992,0.0200179753247814,0.0151836626442116,Bergeyella NA
93,0,0,0,0,0,0,0,0,0,0,0,0,0,0,0,0,0,0,0,0,0,0,0,0,0.11937341009506,0.0357455889638352,0.0146575146575147,0,0.0175779443056712,0.00790868006856787,0.0031686470710861,0.189061471123678,0.135765472312704,0.0252571715313206,0.0076844080881051,0.0176081067522825,0.0225206852348211,0.0826298974272743,0.0128634099189531,0.00117620447862475,0.0685698205240448,0.0486496200451838,0,0,0,0,0,0,0,0,0,0,0,0,0,0,0,0,0,0,0,0,0,0,0,0,Bifidobacterium catenulatum
95,0,0,0.000116430700447094,0,0,0,0,0,0.000359292194377077,0,0,0,0,0,0,0,0,0,5.9814574818064e-05,0,0,0,0,0,0.0522693801044316,0.0443199573186997,0.0101172601172601,0.0429322925504836,0.0182718105282635,0.0110254012778557,0.0194288096727121,0.0282759422086222,0.112790445168295,0.00114298458364696,0,0.00336109160228755,0.053723342267801,0.0655120228686733,0.00895977396088929,0.00857272110382266,0.0139453442561441,0.0178681454097351,0,0,0,0,0,0.000327046767687779,0,0,0,0,0,0,0,0,0.000327475166466543,0,0,0,0,0,0,0.00035380696292103,0.000490236130402811,0,Bifidobacterium longum
99,0,0,0,0,0,0,0,0.00012936796561687,0,0,0,0,0,0,0,0,0,0,0,0,0,0,0.000278833083545363,0,0.0965055562993707,0.0995388895240273,0.0767195767195767,0.11649414559647,0.0870570820612453,0.103202431042543,0.0196372732958099,0.296432583181625,0.0841693811074919,0.0702238577123582,0.0628209214207302,0.0904233972107956,0.12985083323622,0.0613754834370271,0.0722730314521526,0.0888034381361683,0.119598524169846,0.0450554528650647,0,0,0,0,0,0,0,0,0,0,0,0,0,0,0,0,0,0,0,0,0,0,0,0,Blautia NA
118,0,0.0195791589088867,0.00721870342771982,0.0135612962269645,0.0138763537906137,0.0208495911512232,0.0175611313625841,0.00862453104112464,0.0108236773556095,0.042053226789463,0.00161124538155957,0.00474861833986157,0.022299158662795,0.00849499175859009,0.00392464678178964,0.0128953292680261,0.012558977438449,0.00157013258897418,0.012182235071279,0.0203828185061799,0.00698390961999315,0.00640315564801556,0.0119201143215643,0.0106006173151849,0,0,0,0,0,0,0,0,0,0,0,0,0,0,0,0,0,0,0.00314881044938579,0.00392656807751147,0.000324191143097971,0.0153358316517728,0.00385850104951229,0.0207493004833024,0.00407814247188055,0.00478190918841616,0,0.00148232611174458,0.00961538461538462,0.00639846102375376,0.00469093574395309,0.00506345137504351,0.012662373103373,0,0,0.00121093299504094,0.000949667616334283,0.000760070939954396,0.0014844871097036,0.00941126521369941,0.00498406732576191,0.00563585731335367,Capnocytophaga NA
137,0,0,0,0,0,0,0,0,0,0,0,0,0,0,0,0,0,0,0,0,0,0,0,0,0,0.0100224838992416,0.0084012584012584,0,0.0235451938199648,0.0381798348137759,0.0264331874087972,0,0.083257328990228,0.0464442028379471,0.00871135663444173,0.00717367312130029,0,0.0413317639145788,0.0254665774407019,0.0170323456231622,0.0111937965105372,0.0201530088313822,0,0,0,0,0,0,0,0,0,0,0,0,0,0,0,0,0,0,0,0,0,0,0,0,Collinsella aerofaciens
150,0.0556761292936308,0.0178946124065372,0.0114102086438152,0.0895211947252382,0.0193817689530686,0.039425915244461,0.0897214165979299,0.0082508013626759,0.0218943680948531,0.0322678946299181,0.0175570186404423,0.0120459301389709,0.00813416722507632,0.0233548877900342,0.116758241758242,0.00854588770135292,0.00552457750707729,0.0250971986840794,0.0038281327883561,0.00969859449230223,0.00974552094031724,0.0250992894388458,0.0534313896343801,0.0271466882558316,0,0,0,0,0,0,0,0,0,0,0,0,0,0,0,0,0,0,0.043616855854455,0.0178990311065783,0.00139402191532127,0,0.00274725274725275,0,0.0166743405906729,0.0116195924204505,0.0187218192511272,0.0174458380843786,0.124793217535153,0.0201572432251589,0.00693867578793061,0.0171207949618659,0.0154459120183386,0.00518838789376158,0.0019956955585991,0.0102064352439165,0.00395694840139285,0.000506713959969597,0.00776881587411549,0.0093405038211152,0.0313751123457799,0.0141227953852274,Corynebacterium matruchotii
189,0,0,0,0,0,0,0,0,0,0,0,0,0,0,0,0,0,0,0,0,0,0,0,0,0.0684428973088767,0.00960329255744827,0.0438295438295438,0.00258781605294417,0.046997872143584,0.0583216456287985,0.0393996247654784,0.00185924003563543,0.0386536373507058,0.012015276964679,0.0585714791600269,0.101660479582623,0.011274909684186,0.0753321002185976,0.0202617294966168,0.0247907713187062,0.0225126633731474,0.0613575682891764,0,0,0,0,0,0,0,0,0,0,0,0,0,0,0,0,0,0,0,0,0,0,0,0,Faecalibacterium NA
190,0,0,0,0,0,0,0.000106431099167177,0,0,0,0,0,0,0,0,0,0,0,0,0,0,0,0.000243978948102192,0,0.0454679341277279,0.136580160817042,0.0463320463320463,0.094009842185644,0.0677213433250069,0.0137135733208664,0.0403585574317282,0.0166169578184917,0.01185667752443,0.0296339661565053,0.0669995396437551,0.055232266479382,0.049965039039739,0.0315789473684211,0.0558777604282846,0.123750282741461,0.103745857044588,0.0513965906757034,0,0,0,0,0,0,0,0,0,0,0,0,0,0,0,0,0,0,0,0,0,0,0,0,Faecalibacterium prausnitzii
203,0.0210377058193709,0.0336761533232852,0.0221451192250373,0.0337784433628687,0.0373871841155235,0.0926271502731313,0.0194236755980097,0.071411117020512,0.00181891673403395,0.0873908038193269,0.0332249909714698,0.0225089874979879,0.0246817064998883,0.0214530239634842,0.0335164835164835,0.0539855310034315,0.0107746418461011,0.0124613697537633,0.0384408334164091,0.0477044688442508,0.0497090037658336,0.0279091130143463,0.0207382105886863,0.109320447300511,0,0,0,0,0,0,0,0,0,0,0,0,0,0,0,0,0,0,0.0105349090343648,0,0,0.00190256558085904,0,0.000363385297430866,0,0.00536288880943868,0,0.00900798175598632,0,0,0,0,0.000873267110577448,0.00172946263125386,0,0.00115326951908661,0,0,0.000989658073135732,0.00169827342202095,0.0216520957594575,0,Fusobacterium NA
204,0.0247996064473189,0.0246623518633449,0.00640368852459016,0.0234202753858314,0.0123420577617329,0.0193566993519492,0.0410291887289466,0.0231568658454197,0.00114524386957693,0.0392090471998375,0.015417951495958,0.0365938724043569,0.0185019730474276,0.0104982883225561,0.014010989010989,0.0408934933228422,0.00360298533070258,0.0305552786362277,0.0127405044362476,0.0335902540952907,0.0296473810338925,0.0236133250479561,0.0248161444355373,0.0380256034002935,0,0,0,0,0,0,0,0,0,0,0,0,0,0,0,0,0,0,0.0178432592131861,0.00604283528811831,0.00087531608636452,0.00841741135773998,0.00154340041980491,0.00167157236818198,0.00236795369335,0.00531819806936003,0.0002940599882376,0.0176738882554162,0.00310173697270471,0.0118768819003011,0,0.000569638279692395,0.000927846304988538,0.0086473131562693,0.000117393856388182,0.00334448160535117,0.00237416904083571,0,0.00217724776089861,0.0119586753467308,0,0.00430977323962339,Fusobacterium nucleatum
209,0.0110542003067396,0.0287259508821704,0.0100596125186289,0.0128125129997088,0.0235785198555957,0.0153869643402436,0.0161243115238273,0.0319826359441705,0.00134734572891404,0.0114782962009887,0.00844514820679501,0.00477544669206417,0.00802248529521257,0.0325091923418283,0.0178963893249608,0.0488055428059362,0.0349318006348117,0.0260941082643804,0.00636028312232081,0.0330383015632084,0.0272965879265092,0.044092616107854,0.0168694015544944,0.044477053078986,0,0.000228649822796387,0,0.000127269641948074,0.000231288740864095,0.000194795075580489,0,0.000658480845954216,0,0,0,0.000200662185211197,0,0,0.000371774853148933,0,0,0.000128363113575683,0.0186207432747629,0.0351096379398266,0.0229203138170265,0.094321130008648,0.0925114211631066,0.0513100039972383,0.0537065052950076,0.0518859492313193,0.00911585963536561,0.053363740022805,0.000620347394540943,0.0198226831716293,0.0603469337893965,0.0419317066995791,0.0742277043990831,0.0785670166769611,0.0532576795147721,0.088974743397532,0.01551123773346,0.0239422346085635,0.055173437577317,0.0155675063685253,0.0250837486722771,0.0473412014321708,Gemella NA
216,0.00671354573603033,0.0186334485917782,0.00512295081967213,0.0100669744997712,0.0195171480144404,0.0315373392596614,0.0163371737221616,0.00832267245468528,0.00783706098985,0.0138823051398388,0.0138344862071839,0.0118044749691474,0.0432767478222024,0.0519589197413465,0.0122841444270016,0.0710773064061373,0.0334734494295273,0.0151031801415612,0.0492872096500847,0.0277159021467011,0.0549583475978546,0.0400940210196417,0.0107002195810533,0.0137124930425543,0,0,0.000393250393250393,0.000169692855930765,0.000508835229901008,0,0,0,0.000825190010857763,0,0.000106236056517582,0.000175579412059797,5.82682671017364e-05,0.000437195224482933,0.00044612982377872,0,0,0,0,0,0,0.00386278466416835,0.00138906037782442,0,0,0.00384340364676439,0,0,0,0,0,0,0.000927846304988538,0,0,0,0,0,0,0,0,0,Granulicatella NA
223,0,0.00607323344268109,0.0101527570789866,0.000582386954532219,0.0145081227436823,0.00530994469514471,0.0132240640715217,0.00355043194526298,0.00125752268031977,0.00667027832328841,0.0373920048892963,0.00214626817620862,0.0218896582532946,0.00215544567009002,0.00769230769230769,0.0100758420212882,0.0311400875010723,0.00219320107666235,0.00179443724454192,0.0082398628003706,0.0118680817071779,0.00340420933185637,0.0110836150709282,0.00166978697566159,0.000160664078189851,0.00243893144316147,0.001001001001001,0,0,0.000973975377902447,0,0,0,0,0,0.000300993277816795,0.000291341335508682,0,0,0,0.00109436558063911,0.00141199424933251,0.00143834551391696,0.0121621621621622,0.0203267846722428,0.0351109829922168,0.00756266205704408,0.0222755187325121,0.046043544037361,0.0111279942795853,0.00558713977651441,0.0015963511972634,0.0261579818031431,0.00146370023419204,0.0122159784998778,0.00531662394379569,0.0233598952079467,0.0126003705991353,0.036900802191352,0.00945681005651021,0.00269072491294714,0.00291360526982518,0.0127665891434509,0.00863288989527314,0.00367677097802108,0.0248640763824426,Haemophilus parainfluenzae
251,0.0199959487224007,0.0130478470313562,0.00475037257824143,0.0184283872041266,0.0114169675090253,0.0147253418382927,0.0013569965143815,0.016702841782978,0.0116320847929579,0.0088711315771653,0.0157513126093841,0.00759242367333798,0.00253145707691162,0.0144795232661341,0.0143642072213501,0.00677551198828492,0.000411769752080295,0.0114146146944472,0.00480510417705114,0.00431705730450038,0.0105443341321465,0.00629508551049631,0.00498414136837336,0.00984162323533876,0,0,0,0,0,0,0,0,0,0,0,0,0,0,0,0,0,0,0.013333851656041,0.0068332483426823,0.000745639629125332,0.00778322283078697,0.00321027287319422,0.00774010683527744,0.00263105965927777,0.00719520915266357,0,0.00250855188141391,0.0032051282051282,0.00556206088992974,0.0017102369899829,0.0120573435868224,0.00392970199759852,0.00370599135268684,0.000782625709254549,0.00720793449429132,0,0.00443374714973398,0.00291949131575041,0.00693461647325219,0.00433041915189149,0.0048402068691155,Lachnoanaerobaculum NA
267,0,0,0,0,0,0,0,0,0,0,0,0,0,0,0,0,0,0,0,0,0,0,0,0,0,0,0,0,0,0,0,0,0,0,0,0,0,0,0,0,0,0,0.00380967190172601,0.00362060173380928,0.0159502042404202,0.000461228019602191,0.0070996419311026,0.0453868236491152,0.0215746892060777,0.021540936717912,0.0123505195059792,0.000570125427594071,0.156947890818859,0.00464202074272332,0.00513071096994869,0.00699389221177885,0.0366226394498417,0.0365657813465102,0.0119741733515946,0.0155691385076692,0.130262741373852,0.0305295160881682,0.000692760651195012,0.0130908576280781,0.0112754309992646,0.0407770852672059,Lautropia mirabilis
271,0.00101281939983216,0.0179832727487661,0.0173947466467958,0.0379799492491368,0.00322653429602888,0.0275506395684186,0.0516722986456643,0.00646839828084348,0.00527710410491332,0.043407598022618,0.000694502319637748,0.00233406664162687,0.00846921301466756,0.00715100798782807,0.0128335949764521,0.0191025725089065,0,0.013533047552587,0.00125610607117934,0.0452995328116068,0.0192628095401118,0.0537648934158269,0.0163465895228469,0.0477660274249861,0,0,0,0,0,0,0,0,0,0,0,0,0,0,0,0,0,0,0.0029544394339916,0.00229474757776645,0.000680801400505738,0.00472758720092246,0,0.00559613358043534,0.00348615404854305,0.000580979621022524,0.0018623799255048,0,0,0.00715122114419538,0.004300024431957,0.0223741257634735,0.00545791944110905,0,0,0,0,0.00278692677983278,0.0010886238804493,0.00622700254741013,0.00596453958656753,0,Leptotrichia buccalis
275,0.0942790172758052,0.0682684635162692,0.0145538375558867,0.0300345272265901,0.050879963898917,0.0598004953686425,0.130112018731873,0.0737397404016157,0.0959759274229767,0.0517369811065213,0.128260688390699,0.0394376777378333,0.0254634800089346,0.0707239761633067,0.0350863422291994,0.033418573645444,0.0562237282319636,0.107192702621872,0.0349516498853554,0.0472116540834631,0.0569211457263494,0.0498473509307541,0.0318915339305009,0.0601629307291403,0,7.62166075987958e-05,0,0,0,0,0,0,0,0,0,0,0,0,0,0,0,0,0.013333851656041,0.0288883222845487,0.0021720806587564,0.0175843182473335,0.00388936905790838,0.0288527926160108,0.0234822074590541,0.0264569181265642,0.00593020976279161,0.0114025085518814,0.0227460711331679,0.0315322850451656,0.00552162228194478,0.0783252634577044,0.00660408252374195,0.0229771463866584,0.00301310898063001,0.0179333410217968,0.000949667616334283,0.0737268811755764,0.0589836211588896,0.037078969714124,0.0213252716725223,0.0112717146267073,Leptotrichia NA
278,0.0788841623983563,0.00632443774566303,0,0.019301967635925,0.00234657039711191,0,0.00252773860522045,0.021863186189251,0.0741938381388664,0,0.025391004805956,0.027767344529699,0,0.000659312793204007,0.00361067503924647,0,0,0.00762635828930316,0.00141561160402751,0.0112164639555284,0.00413100536346,0,0.000383395489874874,0,0,0,0,0,0,0,0,0,0,0,0,0,0,0,0,0,0,0,0.0558622298242886,0.00609382967873534,0,0.00778322283078697,0,0.000436062356917039,0.00302571860816944,0.0149713979263497,0,0.00273660205245154,0.0161290322580645,0.0363415858146537,0,0.00357606253362448,0.00245606374849907,0,0.00031305028370182,0.00565102064352439,0,0,0.00138552130239002,0.00898669685819417,0,0,Leptotrichia wadei
307,0.00121538327979859,0.0171557762212962,0.015182563338301,0.00856940804525979,0.0400947653429603,0.00551352084959115,0.0156719793523668,0.00526096393508603,0.00067367286445702,0.0104286584952936,0.01689029641359,0.0108923109942587,0.018334450152632,0.00142005832382401,0.01212715855573,0.0267960570891526,0.0388092991335678,0.00829927225600638,0.0170072774399362,0.0195943148889196,0.00212256076686066,0.00956420717045363,0.00341570527343069,0.0106259171178465,0,0,0,0,0,0,0,0,0,0,0,0,0,0,0,0,0,0,0.0017882133416265,0.0311320754716981,0,0.0264053041222254,0.0697616989751821,0,0.010655791620075,0,0,0,0.00992555831265509,0,0.0212558025897874,0,0,0,0.00469575425552729,0,0.0880025324469769,0,0.00301845712306398,0.0133031418058307,0.192907917313506,0.074857445962074,Neisseria mucosa
308,0,0.00531962053373526,0.00169988822652757,0,0.0297382671480144,0.0108234655447359,0.00170289758667483,0.000646839828084348,0,0.00751676034401029,0.0103897547017807,0,0.0612947658402204,0.0297958666159503,0.0086734693877551,0.00454614997923633,0,0.00022430465556774,0.0201176353304755,0.0466005637800863,0.00492981855528928,0.00297192878177937,0.0428705865950995,0.00675504731063098,0,0,0,0,0,7.79180302321957e-05,0,0,0,0,0,0,0,0,0,0,0,0,0,0.0834268230494646,0.0283667250210724,0.00536177572787547,0.040529695024077,0.0756931574548494,0.101295796882194,0.075929567393636,0.00534208978631641,0.0103762827822121,0.0911910669975186,0.04700568752091,0.0948937209870511,0.0761416500522168,0.06756904268093,0.231995058678196,0.0321267853648992,0.0802675585284281,0.0045900601456157,0.0663795287560172,0.111188084516799,0.0254741013303142,0.02965928588937,0.165694205012598,Neisseria NA
353,0.000839193217003791,0.0545999940893105,0.0100130402384501,0.0157244477723699,0.023014440433213,0.0197299223017677,0.0163105659473698,0.0159266339892768,0,0.0243448229159613,0.0103064144234242,0.00853141600042925,0.0384744248380612,0.0552808418917206,0.0337519623233909,0.0562804624833344,0.0394784249806983,0.0148290300069784,0.0602332768417905,0.0399771333950995,0.0485450188291681,0.0111852592332424,0.0211913143494476,0.0139148914638466,0,0,0,0,0,0,0,0,0,0,0,0,0,0,0,0,0,0,0.00233245218473021,0.0353136155022947,0.0066459184335084,0.0251369270683194,0.0322879367823188,0.0591227878920019,0.020061829901993,0.0130496961029675,0,0.0104903078677309,0.00310173697270471,0.0369270659083305,0.0450525287075495,0.0774075128959777,0.0298548193428665,0.0669549104385423,0.0088436705145764,0.0173567062622535,0.0413105413105413,0.0136812769191791,0.0669503686476322,0.00516558165864704,0.0285154015850968,0.0570879193740883,Porphyromonas NA
359,0.0138322192319935,0.0307651387534356,0.012621087928465,0.0356504014310079,0.00410649819494585,0.007668035150816,0.0281244179549264,0.066610128074286,0,0.0581363851831787,0.0019723865877712,0.00665343134624671,0.00467202739930013,0.0157474324838342,0.0168367346938776,0.0228400323476056,0.00423779703182637,0.0150533346625461,0.00743694546904596,0.0239310847838514,0.016866369964624,0.0183719233782725,0.011467010560803,0.0155593786368466,0,0,0,0,0,0,0,0,0,0,0,0,0,0,0,0,0,0,0.000816358264655575,0,0,0,0.00145079639461662,0,0,0.00451376474794423,0,0,0,0,0,0.00439887338206905,0,0.0108709079678814,0,0,0,0.00291360526982518,0,0,0.00269629871721546,0.00165760509216284,Prevotella NA
372,0.0204010764823335,0.0287702810532849,0.00782414307004471,0.0250842381130663,0.0103113718411552,0.0117565229192821,0.00133038873958971,0.0100619528813121,0.00242522231204527,0.0164894697636622,0.000722282412423258,0.0338573804796909,0.00281066190157099,0.0284265246608343,0.00102040816326531,0.00155181081022009,0.0025564038774985,0.054231881168378,0.00163493171169375,0.00477044688442508,0.0222526532009586,0.00167508713154837,0.00149872782405632,0.0088296311288772,0,0,0,0,0,0,0,0,0,0,0,0,0,0,0,0,0,0,0.00967967656663038,0.0244008159102499,0.006548661090579,0.022946093975209,0.00379676503272009,0.00334314473636397,0.00516345458133263,0.00415623882731498,0.000882179964712801,0.00421892816419612,0.00134408602150538,0.015598862495818,0.00469093574395309,0.0112345327383778,0.0051850234690536,0.0111179740580605,0.00453922911367638,0.0140122246569023,0.00585628363406141,0.0557385355966557,0.0112326191300906,0.0390602887064817,0.00253288667374786,0.0103434557750961,Prevotella_7 melaninogenica
377,0,0,0,0,0,0,0,0,0,0,0,0,0,0,0,0,0,0,0,0,0,0,0,0,0,0,0,0,0,0.162108461898083,0.0805503439649781,0,0.000521172638436482,0.109364110284073,0.449732639257764,0.288376642921641,0,0,0.228344114804075,0,0,0.270255699322243,0,0,0,0,0,0,0,0,0,0,0,0,0,0,0,0,0,0,0,0,0,0,0,0,Prevotella_9 NA
394,0.000318314668518679,0.00539350415225936,0.00316691505216095,0.0197595573859146,0.0230821299638989,0.00424116988430089,0.017454700263417,0.00983196538688209,0.0123057576574149,0.0161508769553735,0,0.0180286526801524,0.0126014444196262,0.00114111829593001,0.00259026687598116,0.00469914541122986,0.0589688599124989,0.00471039776692254,0.0106071179344033,0.00216838494746595,0.00760013693940431,0.0110771890957231,0.0408490467393956,0.000227698223953853,0,0,0,0,0,0,0,0,0,0,0,0,0,0,0,0,0,0,0.000816358264655575,0.00563488016318205,0.00282046294495234,0.00807149034303834,0.00209902457093468,0,0.0037821482602118,0.0316410439756882,0.0246030190158792,0,0,0.00706758113081298,0,0.00310136396721415,0,0.00630018529956763,0.00907845822735277,0.00374812593703148,0.0207344096232985,0,0.0107872729971795,0.00360883102179451,0,0,Rothia dentocariosa
395,0,0,0.00118759314456036,0.000249594409085237,0.000383574007220217,0.000322328911206867,0.00236809195646968,0.000301858586439362,0.00280697026857092,0.000474029931604253,0.000277800927855099,0,0.000614250614250614,0,0.000470957613814757,0.000240421393132691,0.00226473363644162,0,0.00213338650184428,0.000295688856472629,0,0.000702455893875125,0.000906207521522429,0.000404796842584628,0,0.000419191341793377,0,0,0.00046257748172819,0,0,0.000232405004454429,0,0,0,0,0,0,0.000185887426574467,0,0,0.000179708359005956,0.00750272119421552,0.0304181540030597,0.031316864423264,0.0483712885557798,0.0108964069638227,0.0194411134125513,0.0617970137472867,0.0260100107257776,0.0987061360517546,0.0114025085518814,0.0227460711331679,0.00230010036801606,0.0251649157097483,0.0179436058103105,0.0988429210784849,0.037183446571958,0.0737624730972412,0.0239303425210472,0.071383349161127,0.0121611350392703,0.0073729526448612,0.0230682139824512,0.0046572432388267,0.0701498475003315,Rothia mucilaginosa
431,0.0432907949185404,0.0169932322605432,0.00312034277198212,0.0363575855900828,0.0210063176895307,0.0110270416991823,0.0136497884681904,0.0104069341229571,0.0135183688134375,0.0080585088372723,0.0207517293107759,0.00700219992488061,0.000893455438909984,0.0212248003042982,0.0239795918367347,0.0033003300330033,0.0128506476795059,0.00675406240653973,0.0127604426278537,0.00453389579924698,0.00572863174711857,0.0292870072677167,0.00724966017217943,0.0420482720234782,0,0,0,0,0,0,0,0,0,0,0,0,0,0,0,0,0,0,0.0171435235577671,0.00249872514023457,0.00126434545808209,0.0123955030268089,0.00296332880602544,0.00247102002252989,0.00450568966651319,0.00692706471219163,0,0,0.0163358147229115,0.0114586818333891,0,0,0.00955135902194084,0,0,0.00161457732672125,0.00585628363406141,0,0.00113810678410609,0.00261817152561562,0.00612795163003513,0.00172390929584936,Streptococcus cristatus
434,0.0154237925745869,0.00712238082572332,0.01963021609538,0,0.00300090252707581,0.00183218539001798,0.00287363967751377,0.0173353073926605,0.0246115153148298,0.00545134421344891,0,0.00413156623920159,0.00482093663911846,0.00205401293267402,0.00824175824175824,0.00522370117806483,0.0283091704555203,0.00959525471039777,0.00675904695444123,0.0109207750990558,0.0112518543877667,0.0169940291249021,0,0,0,0,0,0,0,0,0,0,0,0,0,0,0,0,0,0,0,0,0.0185429948686052,0.00810810810810811,0.0132269986383972,0.00115307004900548,0.00222249660451908,0.000654093535375559,0.000953759126488193,0.00808902395423668,0.0113213095471476,0,0,0.00920040147206424,0.00571707793794283,0.000253172568752176,0.00365680602554306,0.00407659048795553,0.0120915672079828,0.00611232845115904,0.00300728078505856,0,0.0173190162798753,0.0012029436739315,0.000735354195604216,0,Streptococcus gordonii
437,0,0,0,0,0,0,0,0,0,0,0,0,0,0,0,0,0,0,0,0,0,0,0,0,0,0,0,0,0,0,0,0,0,0,0,0,0,0,0,0,0,0,0.0373192349556834,0.0498980112187659,0.00324191143097971,0.00674545978668204,0.0578775157426843,0.0916821105418075,0.00305860685391041,0.01894887379335,0.0368555185257793,0.0649942987457241,0.00206782464846981,0.00476748076279692,0,0.0241463337447388,0.0206855146818033,0.0454601605929586,0.0266484054001174,0,0.0799303577081355,0,0.00390914938888614,0.0114633455986414,0.0400359506495629,0.00106086725898422,Streptococcus mitis
438,0.014526723963307,0,0.177417101341282,0,0,0,0.000425724396668707,0,0.0314829785322914,0,0,0.0518323764554381,0,0,0.00200156985871272,0,0.00109805267221412,0.00291596052238062,0.000996909580301067,0.000906779159849396,0.00392559625698962,0.00351227946937562,0,0,8.03320390949257e-05,0,0.00361075361075361,0,0,0,0,0,0.000477741585233442,0,0,0,0,0.000235412813183118,0,0,0,0,0.0351422795832685,0,0.152467094598976,0,0,0,0.00371637176872986,0,0.00661634973534601,0,0,0.121779859484778,0,0,0.000272895972055452,0,0.00316963412248092,0.000922615615269288,0,0,0.00217724776089861,0.000283045570336824,0,0,Streptococcus mutans
439,0.112625517261336,0.1327393090404,0.107302533532042,0.0695952410666001,0.121141696750903,0.123943948698809,0.0990607455498497,0.0831404792364415,0.04686517560406,0.0619624839168416,0.0281967941772926,0.0560175993990449,0.120318665773211,0.0825408900722708,0.0548273155416013,0.20870762572946,0.336398730376598,0.130420695842887,0.17940384807098,0.0979715744445978,0.114686751112633,0.197498176316429,0.180788400543725,0.108434954207357,0.00109787120096398,0.00834571853206814,0.00243100243100243,0.000381808925844222,0,0.00148044257441172,0,0.00673974512917845,0.000781758957654723,0,0.000247884131874358,0.00067723487508779,0,0.00161425929039852,0.0005576622797234,0.000180954535173038,0.00131323869676693,0.000667488190593551,0.291828642512828,0.291203467618562,0.432503404007003,0.324589218795042,0.396530435856279,0.113594243976889,0.363448003683484,0.211476582052199,0.360615565575377,0.645381984036488,0.0590363937138131,0.288725326196052,0.428585389689714,0.196335327067312,0.319779500054579,0.231871525633107,0.404421835257288,0.416330296390266,0.187401076289965,0.185457309348873,0.30659607105745,0.147183696575149,0.153934144946483,0.169672457233789,Streptococcus NA
441,0,0,0.000489008941877794,0,0,0,0.000824841018545619,0,0.0142594089643402,0,0,0,0,0,0,0,0.000343141460066913,0,0,0,0,0,0,0,0.000214218770919802,0.00323920582294882,0.00182325182325182,0,0.0024516606531594,0,0,0.00515164426540651,0.0037785016286645,0,0,0.000752483194541989,0.000262207201957814,0.00380023541281318,0.00144992192728084,0.000497624971725854,0,0.0042103101252824,0.0087466956927383,0.0236868944416114,0.0369577903131686,0.0250792735658691,0.00706877392270651,0,0.0300598566072486,0.0148820164461923,0.0490099980396001,0,0.00144747725392887,0.00146370023419204,0.0017102369899829,0.00139244912813697,0.00583997380198668,0.00679431747992588,0.0592056349051066,0.0175296966901165,0.01440329218107,0.00481378261971117,0.00851105942896729,0.0104726861024625,0,0.0173717013658666,Streptococcus parasanguinis
444,0.000405127759932865,0,0.000652011922503726,0.0004575897499896,0,0.00023750551352085,0.00478939946252295,0.000344981241644986,0.00244767807419384,0,0.000750062505208767,0,0,0.000329656396602003,0,0,0.00106373852620743,0,0.00129598245439139,0.000177413313883577,0,0.000270175343798125,0.000209124812659022,0,0.00222251974829294,0.0398231774703708,0.0263120263120263,0.00123027320549805,0.00735498195947821,0.0149213027894655,0.000625390869293308,0.0197156912112174,0.0123778501628664,0.00114298458364696,0.00867594461560254,0.00619544496839571,0.00218506001631511,0.013452160753321,0.00914566138746375,0.00425243157656639,0.00812957288474767,0.0113729718628055,0.013333851656041,0.0161397246302907,0.0181222848991766,0.000864802536754108,0,0,0,0.0293171254915981,0.0474416781023329,0,0,0.00623118099698896,0.00293183483997068,0.00756353049147125,0.00322017247025434,0,0.0525924476619057,0.00720793449429132,0.0648939537828427,0.0442107930073474,0.00321638873769113,0.0573167279932069,0,0.0249303805861292,Streptococcus salivarius
445,0.00639523106751165,0.00933888938144635,0.0275707898658718,0.00187195806813927,0.0601759927797834,0.0191022291588912,0.0215789053561451,0.00697149592490908,0.00875774723794125,0.0106318141802668,0.229296885851599,0.0146482803026238,0.0631189040279949,0.0385190820337264,0.0326138147566719,0.00808690140537232,0.0298704640988247,0.00493470242249028,0.0071976871697737,0.0257052179226872,0.00534063676823006,0.0110231540269635,0.0218186887874246,0.00966452461670799,0,0.000571624556990968,0,0,0.000277546489036914,0,0,0.000387341674090715,0,0,0,0,0,0,0,0,0,0,0.0119343803452029,0.00989291177970423,0.029079945535888,0.00680311328913231,0.0507470058031856,0.0248555543442712,0.0374926001447083,0.0634608509116911,0.100274455989022,0.011060433295325,0.251550868486352,0.0225409836065574,0.0302467627656975,0.00825975505553973,0.0334024669795874,0.0117356392835083,0.0223048327137546,0.0114173682389574,0.0424184868629313,0.0241955915885483,0.014152110445841,0.00757146900651005,0.0803170193643272,0.0282455907704548,Streptococcus sanguinis
447,0,0,0,0,0,5.08940386116106e-05,0,0,0,0,0,0,0,0,0,0,0,0,0,0,0,0,0,0,0,0.0135284478487863,0.0278492778492778,0,0.040105467665834,0.0107137291569269,0.00813008130081301,0,0.0238436482084691,0.0266510551699144,0.00878218067212012,0.0106350958161934,0.057481645495863,0.0731461240961829,0.0163580935385531,0.0442207645329111,0.0162591457694953,0.0209745327582666,0,0,0,0,0,0,0,0,0,0,0,0,0,0,0,0,0,0,0,0,0,0,0,0,Subdoligranulum NA
471,0.130219637121278,0.072228625469161,0.156156855439642,0.0138524897042306,0.0550541516245487,0.0251925491127473,0.0170821914163319,0.0450488004714744,0.261115602263541,0.0244464007584479,0.110259188265689,0.208939206953909,0.0499032089941181,0.116520857106631,0.13394819466248,0.0699189124210434,0.044625546881702,0.0568238460771608,0.171189313129299,0.0529283053086006,0.0653657423256876,0.0797827790235863,0.0715206859293855,0.0204675403531852,0,0,0,0,0,0.00206482780115319,0,0.00333113839718015,0,0.000390287418806278,0,0,0.000378743736161287,0,0,0,0,0.00256726227151366,0.00703623075726948,0.0177205507394187,0.0250923944757829,0.0660709138080138,0.0162983084331399,0.0393546277117628,0.0164112346247451,0.0093850554165177,0.0130366594785336,0.00524515393386545,0.0136476426799007,0.0361743057878889,0.00791595406792084,0.0573435868223678,0.027125859622312,0.0528721432983323,0.0227352768538446,0.0179333410217968,0.0721747388414055,0.112110463643273,0.0358751051511703,0.0685677894140957,0.0125010213252717,0.0220129956239226,Veillonella NA
472,0.0511329108429551,0.0688447557407572,0.0752142324888227,0.0009151794999792,0.0509927797833935,0.00245987853289451,0.00340579517334965,0.0126780606304532,0.0978172999191593,0.0095483171937428,0.085646026057727,0.0680903578902184,0.0352170352170352,0.0422974515024724,0.00204081632653061,0.0140318667628352,0.038071544994424,0.00981955936596551,0.00737713089422789,0.00794417394389797,0.0589980600251056,0.0289087617863994,0.0266982677494685,0.00480696250569246,0,0.000342974734194581,0,0,0,0,0,0,0,0,0,0,0.000233073068406946,0,0,0,0.000156337940091301,0.000487779831587595,0.033120821023169,0.0311830698623151,0.0428904882318615,0.00657249927933122,0.0111433510309915,0.000763109124604819,0.0237782016707229,0.0147032534858777,0.0302391687904332,0.00433295324971494,0.021712158808933,0.053236868517899,0.0073295870999267,0.00427228709769297,0.00824145835607466,0.00259419394688079,0.0284093132459401,0.0183369853534771,0.00506489395378284,0.0129212059792247,0.0182591914493542,0.0173365411831305,0.0107851948688618,0.0148521416257791,Veillonella parvula
