,AZ-10_S135,AZ-11_S136,AZ-12_S137,AZ-13_S138,AZ-14_S139,Az-15_S140,AZ-16_S141,AZ-17_S142,AZ-18_S143,AZ-19_S144,AZ-2_S145,AZ-20_S146,AZ-21_S147,AZ-22_S148,AZ-23_S149,AZ-24_S150,AZ-25_S151,AZ-3_S152,AZ-4_S153,AZ-5_S154,AZ-6_S155,AZ-7_S156,AZ-9_S157,ML-8_S158,AZ-10-RS_S292,AZ-11-RS_S293,AZ-12-RS_S294,AZ-13-RS_S295,AZ-14-RS_S296,AZ-15-RS_S297,AZ-16-RS_S298,AZ-17-RS_S299,AZ-18-RS_S300,AZ-19-RS_S301,AZ-2-RS_S302,AZ-23-RS_S303,AZ-24-RS_S304,AZ-25-RS_S305,AZ-6-RS_S306,AZ-7-RS_S307,AZ-8-RS_S308,AZ-9-RS_S309,AZ-10-SAL_S310,AZ-11-SAL_S311,AZ-12-SAL_S312,AZ-13-SAL_S313,AZ-14-SAL_S314,AZ-15-SAL_S315,AZ-16-SAL_S316,AZ-17-SAL_S317,AZ-18-SAL_S318,AZ-19-SAL_S319,AZ-2-SAL_S320,AZ-20-SAL_S321,AZ-21-SAL_S322,AZ-22-SAL_S323,AZ-23-SAL_S324,AZ-24-SAL_S325,AZ-25-SAL_S326,AZ-3-SAL_S327,AZ-4-SAL_S328,AZ-5-SAL_S329,AZ-6-SAL_S330,AZ-7-SAL_S331,AZ-8-SAL_S332,AZ-9-SAL_S333,Genus
14,0,0,0,0,0,0,0,0,0,0,0,0,0,0,0,0,0,0,0,0,0,0,0,0,0.00481992234569554,0.0385274951411913,0.0448662948662949,0.0153147802477516,0.0313164955129984,0.0017921146953405,0.000958932666249739,0.0184761978541271,0.0459066232356135,0.0537760307769507,0.0153688161762102,0.0141717668305408,0.0262207201957814,0.0143938120060535,0.0352814335638337,0.0254014928749152,0.0148521043086736,0.00616142945163278,0,0,0,0,0,0,0,0,0,0,0,0,0,0,0,0,0,0,0,0,0,0,0,0,[Ruminococcus] torques group
18,0.0473418414309526,0.0101366127247935,0.0275619410643601,0.0667414672988526,0.0206563744433764,0.0085436033643205,0.0296287396371501,0.0268063769606583,0.0299247942670394,0.0211114179631164,0.0155618850336613,0.0131585243313077,0.013635840904237,0.0173803471724348,0.0481170069949834,0.00890230245050586,0.00825914565721553,0.0200151630022745,0.00315478587729897,0.00976514647719716,0.0167749234400296,0.0148655724269811,0.070076447033127,0.0204126913689816,0.000160664078189851,0.000495407949392173,0,0,0,0.000311672120928783,0,0.00185924003563543,0.000651465798045603,0,0,0,8.74024006526046e-05,0.00168152009416513,0,0.000180954535173038,0.000375211056219123,0,0.10161716684808,0.027027027027027,0.028917849964339,0.0386278466416835,0.0236448944314113,0.0154075366110687,0.0167401170821548,0.048802288165892,0.0575867476965301,0.0236031927023945,0.0373242349048801,0.0315741050518568,0.012900073295871,0.0252223171619355,0.0184477677109486,0.0218653489808524,0.0168655840344355,0.0182216584015684,0.00933839822728712,0.0165948821890043,0.0180612598347271,0.0387064817435607,0.0607075741482147,0.0246651637713831,Actinomyces
20,0,0,0,0,0,0,0,0,0,0,0,0,0,0,0,0,0,0,5.03423278292388e-05,0,0,0,0.000151680621283825,0.000199689372087863,0.0550542241263891,0.0176441446591212,0.0115830115830116,0,0.152049218244056,0.100358422939068,0.000833854492391078,0.0555835302320177,0.00225841476655809,0.00370773047865964,0,0.0151750777565968,0.0417200792448433,0.0746258617790483,0.0277344040449104,0.0210585840307623,0.0456819460946783,0.00326042308482235,0,0,0,0,0,0,0,0,0,0,0,0,0,0,0,0,0,0,0,0,0,0,0,0,Agathobacter
24,0,0.0165041549821194,0.00213625986973004,0.0163958159904448,0.017792337720933,0.0314741035856574,0.000817013096239337,0.01047827204937,0.00127967870220892,0.00586087330080702,7.76799585706888e-05,0.0421790516292646,0.086119371108446,0.0455799604597102,0.000247297392778916,0.0135527589545015,0.00053863993416623,0.043301202209466,0.0346690830984025,0.0707010605159077,0.0644469151696023,0.022605686707492,0.00239655381628443,0.0146660749944531,0,0,0,0,0,0,0,0,0,0,0,0,0,0,0,0,0,0,0.0116233867205722,0.00833758286588475,0.00149127925825066,0.010319976938599,0.0209902457093468,0.0636287655801446,0.00029599421166875,0.00116195924204505,0.00490099980396001,0.00205245153933865,0,0.00526932084309133,0.00464207182995358,0.0566473622582993,0,0.0186534898085238,0.00152612013304637,0.00784223272978895,0.0148781259892371,0.0463643273372181,0.109258251274185,0.0302858760260402,0.0107851948688618,0.00921628431242541,Alloprevotella
27,0,0,0,0,0,0,0,0,0,0,0,0,0,0,0,0,0,0,0,0,0,0,0,0,0.0723256125317981,0.0323920582294882,0.0208780208780209,0.0697013405735619,0.0678138588213526,0.0161679912731806,0.00233479257869502,0.0741371964209629,0.180803474484256,0.0229154470184829,0.00980912921845674,0.0477576000802649,0.0609194732548654,0.107819068437868,0.0148709941259573,0.0254919701425017,0.0881120630354574,0.013529472170877,0,0,0,0,0,0,0,0,0,0,0,0,0,0,0,0,0,0,0,0,0,0,0,0,Anaerostipes
30,4.97549568375749e-05,5.1454886927886e-05,0,0,0,0,7.20893908446474e-05,0,0,0,0,0,0,0,0,5.69443653550481e-05,0,0,0,0.0001400021000315,0,0,0.000212352869797355,0,0.343633685901727,0.170991959147898,0.232124982124982,0.334082810113694,0.0788232028864835,0.162575970079476,0.0821763602251407,0.053065809350428,0.00833876221498371,0.153327200245324,0.0241509968483303,0.067221832045751,0.148147069106165,0.0250210190011771,0.0850992638857908,0.14892558244741,0.276874491901695,0.118325118094064,0,0,0,0,0,0,0,0,0,0,0,0,0,0,0,0,0,0,0,0,0,0.000424568355505236,0,0,Bacteroides
32,0.00268676766922905,0.00683063623967686,0.00305778373510378,0.00495855803684534,0.0111618965415776,0.0104028331119965,0.00579118106452,0.0111853947030085,0.00734338701421428,0.00957378256466906,0.00401346452615225,0.00490454088712379,0.0126994036373195,0.00427991049121206,0.0102098495018724,0.00734582313080121,0.0065384903119623,0.00426730206866674,0.00265136259900658,0.00728010920163802,0.00758772699787388,0.00503107428233205,0.00473243538405533,0.010650099844686,0,0,0,0,0,0,0,0,0,0,0,0,0,0,0,0,0,0,0.00345980407401648,0.0374043855175931,0.00197756597289762,0.00876333237244163,0.0036732929991357,0.00723136741887423,0.00486746036966388,0.0224794422595638,0.0452362281905509,0.00661345496009122,0.00155086848635236,0.00271830043492807,0.0990471536770095,0.00382923510237666,0.0135902194083615,0.00222359481161211,0.00770886323615731,0.0243339868527275,0.00126622348844571,0.00101342791993919,0.0029689742194072,0.00134446645909992,0.0200179753247814,0.0151836626442116,Bergeyella
33,0,0,0.00236664083607347,0,0,0,0,0,0.000314997834389889,0,0,0,0,0,0,0,0,0,5.03423278292388e-05,0,0,0,0,0,0.172151559780426,0.0821233946877025,0.0273130273130273,0.0429322925504836,0.0358497548339347,0.0524777933613838,0.0250573274963519,0.29534802649417,0.409945711183496,0.0371330601321402,0.00849888452140657,0.051219022775158,0.214223283999534,0.216142592903985,0.0529035616030932,0.0175978285455779,0.0825151647801889,0.086645101663586,0,0,0,0,0,0.000327046767687779,0,0,0,0,0,0,0,0,0.000327475166466543,0,0,0,0,0,0,0.00035380696292103,0.000490236130402811,0,Bifidobacterium
35,0,0,0,0,0,0,0,0.000115710979686295,0,0,0,0,0,0,0,0,0,0,0,0,0,0,0.00024268899405412,0,0.0965055562993707,0.121146297778286,0.0897325897325897,0.120397081282878,0.11388657600148,0.113565529063425,0.0196372732958099,0.296432583181625,0.0841693811074919,0.072983747316774,0.0716385141116895,0.0986756295776061,0.142058035194033,0.0689423238607701,0.0748754554241951,0.0906582221216919,0.122256269151398,0.0533477100020538,0,0,0,0,0,0,0,0,0,0,0,0,0,0,0,0,0,0,0,0,0,0,0,0,Blautia
40,0.00858273005448168,0.012619311019064,0.00456573187844263,0.00803503565094647,0.00537497302705142,0.0126162018592297,0.00814610116544515,0.00930830547698637,0.00834744261133205,0.0148516370554482,0.00111341273951321,0.0102875735681133,0.00637434490463126,0.0103195811336331,0.0111283826750512,0.00459351213864055,0.000763073240068826,0.00706162677352973,0.00466505571217613,0.0060550908263624,0.00844597889480563,0.00541807999635759,0.00682562795777211,0.00805413800754382,0,0,0,0,0,0,0,0,0,0,0,0,0,0,0,0,0,0,0.0120898771575183,0.00979092299847017,0.00100499254360371,0.0024214471029115,0.000277812075564885,0.0132272248264835,0.00394658948891666,0.0109492313192706,9.80199960792002e-05,0.00558722919042189,0.00599669148056245,0.00669120107059217,0.00361592963596384,0.0125003955821387,0.00780482480078594,0.00222359481161211,0.00176090784582274,0.00703494406642832,0.00158277936055714,0.0135545984291867,0.00346380325597506,0.0115341069912256,0.0133997875643435,0.00609998673915926,Campylobacter
44,0.0102743985869592,0.0394144433867607,0.0302427377636291,0.0311629085381302,0.0434902014634051,0.0554375092223698,0.0670911930794185,0.0480071997942916,0.0454778123400402,0.107551627849888,0.0133091662351113,0.0215560553136514,0.0457868537350704,0.0307849399291751,0.0493888221578464,0.0237078374428184,0.0175955711827635,0.0280948770713744,0.0370687340582629,0.0320254803822057,0.0221975149706439,0.0248138957816377,0.0437143550539983,0.0264921233636565,0,0,0,0,0,0,0,0,0,0,0,0,0,0,0,0,0,0,0.0132949774529622,0.0201937786843447,0.00810477857744926,0.0233496684923609,0.0112668230645759,0.0445510374650242,0.0182858646319805,0.0413836253128352,0.00372475985100961,0.00820980615735462,0.0278122415219189,0.0131733021077283,0.0144637185438554,0.0243362131713029,0.0297456609540443,0.0048177887584929,0.0088436705145764,0.0113020412870488,0.00712250712250712,0.00696731694958196,0.0106388242862091,0.00941126521369941,0.0245118065201405,0.016774963532688,Capnocytophaga
56,0,0,0,0,0,0,0,0,0,0,0,0,0,0,0,0,0,0,0,0,0,0,0,0,0,0.0100224838992416,0.0094022594022594,0,0.0235451938199648,0.0381798348137759,0.0264331874087972,0,0.083257328990228,0.0464442028379471,0.00871135663444173,0.00717367312130029,0,0.0413317639145788,0.0254665774407019,0.0170323456231622,0.0111937965105372,0.0201530088313822,0,0,0,0,0,0,0,0,0,0,0,0,0,0,0,0,0,0,0,0,0,0,0,0,Collinsella
62,0.0568201607085106,0.018935398389462,0.0170272477852012,0.0895797893517681,0.0294838848892638,0.0469086616496975,0.1131322840322,0.00906402674209308,0.0216167263850061,0.0343060541900641,0.0187985499741067,0.0119383702569501,0.0101693801442442,0.0238110756262356,0.126333639511058,0.00801017405994344,0.00555098376599087,0.0257121195711036,0.00521882131829776,0.0134052010780162,0.0104355628376929,0.0245634803196212,0.0613699793714355,0.0287108941646328,0,0,0,0,0,0,0.000166770898478216,0,0,0.000111510691087508,0,0.000100331092605598,0,0,0,6.78579506898892e-05,0,0,0.0446275851345047,0.0216726160122387,0.00197756597289762,0.00270971461516287,0.00929127052722558,0.0412078927286602,0.0228573307899757,0.0164015016088666,0.025240148990394,0.0191562143671608,0.127274607113317,0.0231682837069254,0.00693867578793061,0.0183866578056268,0.0204126187097478,0.007041383570105,0.00277832126785365,0.013262599469496,0.00395694840139285,0.000506713959969597,0.00776881587411549,0.00962354939145202,0.0566222730615246,0.0210184325686249,Corynebacterium
82,0,0,0,0,0,0,9.61191877928631e-05,0,0,0,0,0,0,0,0,0,0,0,0,0,0,0,0.000212352869797355,0,0.113910831436605,0.14618345337449,0.0901615901615902,0.0965976582385882,0.114719215468591,0.072035218949665,0.0797581821972066,0.0184761978541271,0.0505103148751357,0.0416492431211842,0.125571018803782,0.156892746062005,0.061239948723925,0.106911047587019,0.0761394899249015,0.148541054060167,0.126258520417735,0.11275415896488,0,0,0,0,0,0,0,0,0,0,0,0,0,0,0,0,0,0,0,0,0,0,0,0,Faecalibacterium
91,0.0493569171828743,0.0589544366976254,0.029656313485664,0.0619276846791415,0.0527885124664064,0.116806846687325,0.0610116544515199,0.0970300848547184,0.00259873213371658,0.122802172512197,0.0488348006214397,0.0614622709220537,0.0458525686309944,0.0369984140433205,0.0549000211969194,0.0957424596169542,0.0138250916435999,0.0441026751868299,0.0464827493623305,0.0853487802317035,0.0842452259738233,0.0534067885355249,0.049174857420216,0.161992456179277,0,0,0,0,0,0,0,0,0,0,0,0,0,0,0,0,0,0,0.0283781682475509,0.00604283528811831,0.00087531608636452,0.010319976938599,0.00154340041980491,0.00203495766561285,0.00236795369335,0.0106810868787987,0.0002940599882376,0.0266818700114025,0.00310173697270471,0.0118768819003011,0,0.000569638279692395,0.00180111341556599,0.0103767757875232,0.000117393856388182,0.00449775112443778,0.00237416904083571,0,0.00316690583403434,0.0136569487687518,0.0216520957594575,0.00430977323962339,Fusobacterium
93,0.0149016095728537,0.0319792122256811,0.0102833685886024,0.0175540193275182,0.0244620122800479,0.0191972849343367,0.0186711522287637,0.0334404731293392,0.00149623971335197,0.010862560986836,0.00973588814085966,0.0057897507057754,0.0315760074914981,0.0369549631753894,0.0270260722108387,0.0466184537706661,0.0324680182539089,0.0474168742553883,0.00696402201637804,0.0380455706835603,0.0280687381746543,0.0536116739135384,0.0191420944060187,0.0472820057688041,0,0.000228649822796387,0,0.000127269641948074,0.000231288740864095,0.000194795075580489,0,0.000658480845954216,0,0,0,0.000200662185211197,0,0,0.000371774853148933,0,0,0.000128363113575683,0.019553724148655,0.0366394696583376,0.0231796667315049,0.0963390025944076,0.093283121373009,0.053308623133108,0.0537065052950076,0.0580979621022524,0.00911585963536561,0.053363740022805,0.00196443341604632,0.0225409836065574,0.0632787686293672,0.048957245482452,0.0764108721755267,0.0796788140827671,0.0532576795147721,0.0904163302963903,0.0169357391579614,0.0239422346085635,0.0596763818100846,0.0167704500424568,0.0273715172808236,0.0491314149317067,Gemella
95,0.0106226832848222,0.0205047724407626,0.00797955892516807,0.013608889210612,0.0222257096337564,0.0326102995425705,0.0186711522287637,0.00995114425302134,0.00978462023073591,0.0141765626438369,0.0142931123770067,0.0145222259438251,0.0442589824048366,0.0563775011405853,0.0137426693987141,0.0703452726686028,0.0311962295204608,0.0170475468428463,0.0502919855014096,0.030555458331875,0.0576979343437299,0.041546201652742,0.0127411721878413,0.0157532726869314,0,0,0.000393250393250393,0.000169692855930765,0.000508835229901008,0,0,0,0.000825190010857763,0,0.000106236056517582,0.000175579412059797,5.82682671017364e-05,0.000437195224482933,0.00044612982377872,0,0,0,0,0,0,0.00386278466416835,0.00138906037782442,0,0,0.00384340364676439,0,0,0,0,0,0,0.000927846304988538,0,0,0,0,0,0,0,0,0,Granulicatella
96,0.0025872577555539,0.0133654068795184,0.0286510147234381,0.00948278982228818,0.0275418325911686,0.0171314741035857,0.0230205454763907,0.0086783234764721,0.00568964838366736,0.00868391174936328,0.0435007767995857,0.00612469496148141,0.0624291511278319,0.00701731517087054,0.0117642902564827,0.0661503710874476,0.0653250542380489,0.00530705079605762,0.0199691233722647,0.0236603549053236,0.0258060740827433,0.0195779361212921,0.0215689843465599,0.0101619702684713,0.000160664078189851,0.00323920582294882,0.001001001001001,0,0.000370061985382552,0.000973975377902447,0,0,0,0,0.000389532207231134,0.000300993277816795,0.000291341335508682,0,0,0.000294051119656186,0.00109436558063911,0.00192544670363524,0.00583113046182553,0.0172106068332483,0.0325487907670362,0.0486595560680311,0.01882948512162,0.0391002580035612,0.0497599158060909,0.0138541294243833,0.00740050970397961,0.00661345496009122,0.0289495450785773,0.00664938106390097,0.0414365990715856,0.0151587075540365,0.0386420696430521,0.0169240271772699,0.0487967129720211,0.0142428785607196,0.0110794555239,0.00506713959969597,0.0423078826265525,0.0117463911689782,0.0138083176730125,0.036268399416523,Haemophilus
106,0.00840858770555017,0.0192827188762253,0.0145349446038495,0.00477758876542763,0.00561037330560841,0.00221336874723329,0.00641595578517362,0.0119310876832091,0.0136039689727133,0.00905213415569671,0.00466079751424133,0.0048806162974305,0.00931508649723176,0.0137739251341546,0.00996255210909348,0.0013856462236395,0.013974713847535,0.00155962309108632,0.0110249697946033,0.000525007875118127,0.0073341525737804,0.00346028638422838,0.00539983011770416,0.000643443532283115,0,0,0,0,0,0,0,0,0,0,0,0,0,0,0,0,0,0,0.0161716684807961,0.0106578276389597,0.00599753614731246,0.00461228019602191,0.0070996419311026,0.00334314473636397,0.0148983753206604,0.0219878441186986,0.0128896294844148,0.00182440136830103,0.00299834574028122,0.00970224155235865,0.00596139750794039,0.025918541726004,0.0091693046610632,0.00654725138974676,0.00583056153394639,0.0034021450813055,0.0189933523266857,0.000633392449961996,0.0047998416547083,0.00106142088876309,0.00392188904322249,0.00616629094284578,Kingella
108,0.0254496604224196,0.0146646427744475,0.00462856305108174,0.0225125773643635,0.0143005669223375,0.0166002656042497,0.00221074131923585,0.0176523527899203,0.0147261487577273,0.00914418975728006,0.0195235629207664,0.0111010096176851,0.00382789268757496,0.0171196419648482,0.0182646788666714,0.00778239659852324,0.000359093289444153,0.0152713094335536,0.00635991408242717,0.00659759896398446,0.0131273528780697,0.00887836638058597,0.00743235044290741,0.0111604171289106,0,0,0,0,0,0,0,0,0,0,0,0,0,0,0,0,0,0,0.013333851656041,0.0068332483426823,0.000745639629125332,0.00778322283078697,0.00321027287319422,0.00774010683527744,0.00263105965927777,0.00719520915266357,0,0.00250855188141391,0.0032051282051282,0.00556206088992974,0.0017102369899829,0.0120573435868224,0.00392970199759852,0.00370599135268684,0.000782625709254549,0.00720793449429132,0,0.00443374714973398,0.00291949131575041,0.00693461647325219,0.00433041915189149,0.0048402068691155,Lachnoanaerobaculum
122,0.000547304525213324,0.000385911651959145,0.00171738538546924,0.000180969271417713,0.00733664201502638,0.00529732920171167,0.00504625735912532,0.000115710979686295,0.000846556679922826,0.00251618644327841,0.0152770585189021,0.00088520981865161,0.00624291511278319,0.0016511329813813,0.0134247156079983,0.00398610557485337,0.00321687738460388,0.00155962309108632,0.000469861726406229,0.00729760946414196,0,0.00138866756209165,0.0206285644946002,0.00195251830485911,0,0,0,0,0,0,0,0,0,0,0,0,0,0,0,0,0,0,0.00380967190172601,0.00362060173380928,0.0159502042404202,0.000461228019602191,0.0070996419311026,0.0453868236491152,0.0215746892060777,0.021540936717912,0.0123505195059792,0.000570125427594071,0.156947890818859,0.00464202074272332,0.00513071096994869,0.00699389221177885,0.0366226394498417,0.0365657813465102,0.0119741733515946,0.0155691385076692,0.130262741373852,0.0305295160881682,0.000692760651195012,0.0130908576280781,0.0112754309992646,0.0407770852672059,Lautropia
124,0.190934646864194,0.125639970156166,0.0448824009885438,0.114263997973144,0.0838417325460502,0.089892282720968,0.199207016700709,0.114926716379532,0.185848722290034,0.129338120224616,0.169653029518384,0.0776831427341021,0.0416468152918563,0.0895522388059701,0.124037306578111,0.0550082569329765,0.0602229370838632,0.13163652117405,0.0389481809638878,0.114381715725736,0.12419295063101,0.117353791517745,0.0745661934231283,0.131861548702019,0,7.62166075987958e-05,0,0,0,0,0,0,0,0,0,0,0,0,0,0,0,0,0.130928315969523,0.05,0.00395513194579524,0.0407610262323436,0.00632794172120015,0.0383008103492133,0.0409787541932513,0.049070432606364,0.00999803960007842,0.0158494868871152,0.0429073614557486,0.0865674138507862,0.0123625702418764,0.116554321339283,0.0412072917803733,0.0229771463866584,0.00618274310311094,0.0250836120401338,0.0034821145932257,0.0771472004053712,0.0677420951061408,0.0534956127936598,0.0304763461067081,0.016774963532688,Leptotrichia
132,0.00104485409358907,0.0268337235328925,0.0223678974595263,0.0111839009736147,0.0933950605174883,0.0719639958683783,0.0232127838519765,0.00615839547441502,0.00647714296964208,0.0204670287520329,0.0302433972035215,0.0227044356189291,0.0869900934794395,0.0337830498164201,0.0249063802727337,0.0385513353453676,0.0362983466746465,0.00931441568287664,0.039199892603034,0.066150992264884,0.00758772699787388,0.01802991326519,0.0505096468875137,0.0199689372087863,0,0,0,0,0,7.79180302321957e-05,0,0,0,0,0,0,0,0,0,0,0,0,0.0017882133416265,0.11958184599694,0.0465862672631784,0.0349956759873162,0.126960118533152,0.152730840510193,0.119055449582319,0.0904093671791205,0.00970397961184082,0.0103762827822121,0.113110008271299,0.0696303111408498,0.124749572440753,0.12392797240419,0.0877087654186224,0.232612723903644,0.0376442966151438,0.0992965055933572,0.100664767331434,0.0663795287560172,0.114206541639863,0.0493914520237758,0.226897622354768,0.241214693011537,Neisseria
150,0.00129362887777695,0.0546836810826108,0.00971788803485036,0.0191465489159941,0.0278556996292446,0.0201711671831194,0.0170130962393368,0.0211879660581126,0,0.0257141980422842,0.0100466079751424,0.00928274080099526,0.0441768387849316,0.057724478046449,0.0339503992086483,0.0557295522274738,0.036163686691105,0.0155095851835806,0.0596053161498188,0.0407056105841588,0.0491544268242729,0.0145468618389601,0.019354447275816,0.0254271133791879,0,0,0,0,0,0,0,0,0,0,0,0.000100331092605598,0,0,0,0,0,0,0.00233245218473021,0.0353136155022947,0.0066459184335084,0.0255405015854713,0.03330658105939,0.0591227878920019,0.020061829901993,0.0130496961029675,0,0.0104903078677309,0.00310173697270471,0.0369270659083305,0.0450525287075495,0.0787050223108326,0.0298548193428665,0.0669549104385423,0.0088436705145764,0.0173567062622535,0.0413105413105413,0.0136812769191791,0.0669503686476322,0.00516558165864704,0.0320287605196503,0.0570879193740883,Porphyromonas
151,0.0356743040525412,0.0607682214618333,0.0235616897396695,0.0860689854862644,0.0241285285520921,0.0401652648664601,0.043541992070167,0.105592697351504,0.0129936606685829,0.0982846972904968,0.0195235629207664,0.0805301689076032,0.0144079909313444,0.0489474027243694,0.0422171977672578,0.0344323595846858,0.004668212762774,0.0798223762590707,0.0230735669217345,0.0673760106401596,0.0697524723506349,0.0479659434971658,0.0141062977793957,0.065231861548702,0,0,0,0,0,0,0,0,0,0,0,0,0,0,0,0,0,0,0.0334318146477997,0.0154513003569607,0.00181547040134864,0.0359181320265206,0.0035498209655513,0.0122097459936771,0.00417680720910347,0.0180997497318556,0,0.0246294184720639,0.00630686517783292,0.0227500836400134,0.00283410701197166,0.0206335643533023,0.00141905905468835,0.0170475602223595,0.000352181569164547,0.0131472725175874,0.00174105729661285,0.0478844692171269,0.00930278588747588,0.0803849419756581,0.0254922787809462,0.00808911284975467,Prevotella
152,0.0188073736846033,0.029805243252978,0.0159381741261231,0.0309819392667125,0.0093963944524001,0.0102257636122178,0.00247506908566623,0.00960401131396246,0.00551246210182305,0.0149436926570315,0.00227861211807354,0.035456241925451,0.00248073732113227,0.0243542114753742,0.0141666077863351,0.012983315300951,0.00222937083863245,0.0585725116430196,0.0135588669620083,0.00575758636379546,0.0194081963056157,0.00141143260409315,0.00157747846135178,0.00840914133570002,0,0,0,0,0,0,0.00737961225766104,0,0,0,0,0,0,0,0,0,0,0,0.012634116000622,0.0343957164711882,0.00982299163586851,0.0380513116171807,0.00392023706630448,0.00468767033685817,0.0063803196737486,0.00415623882731498,0.000882179964712801,0.00547320410490308,0.00186104218362283,0.0170207427233188,0.00469093574395309,0.0126902750087028,0.00665866171815304,0.0144533662754787,0.00649579338681276,0.0164340906469842,0.00585628363406141,0.130225487712186,0.0123707259141966,0.148315878856496,0.00253288667374786,0.0119347566635725,Prevotella_7
153,0,0,0,0,0,0,0,0,0,0,0,0,0,0,0,0,0,0,0,0,0,0,0,0,0,0,0,0,0,0.162108461898083,0.0805503439649781,0,0.000521172638436482,0.109364110284073,0.449732639257764,0.288376642921641,0,0,0.261915384043423,0,0,0.270255699322243,0,0,0,0,0,0,0,0,0,0,0,0,0,0,0,0,0,0,0,0,0,0,0,0,Prevotella_9
162,0.000522427046794537,0.00806555352594613,0.00655538567868138,0.0294979912410873,0.047099672401279,0.0229600118046333,0.0248708398414033,0.0124067883774749,0.0180336260188211,0.019024824327227,0.00080269290523045,0.0210775635197856,0.0270581083967208,0.00312846249103826,0.0116229774606091,0.00569443653550481,0.0710555846487619,0.00771146972814903,0.0170492683581689,0.00500507507612614,0.0100649540640178,0.0187811596512396,0.0634328358208955,0.00197470601286887,0,0.000419191341793377,0,0,0.00046257748172819,0,0,0.000232405004454429,0,0,0,0,0,0,0.000185887426574467,0,0,0.000179708359005956,0.00831907945887109,0.0386282508924018,0.0378979446281528,0.0593254540213318,0.0129954315347574,0.0509829572295505,0.0711372755377228,0.0748122988916696,0.130464614781415,0.0114025085518814,0.0255376344086022,0.0139678822348612,0.0329342780356707,0.0255387828728757,0.103973365353127,0.0434836318715256,0.0899628252788104,0.0329835082458771,0.105729661285217,0.0131745629592095,0.0181602256420407,0.0338947070478347,0.0145436718686167,0.0856650311629757,Rothia
166,0.0216682837027639,0.0245439810646016,0.0050264938111295,0.0319591733323682,0.00349177079859544,0.00365943632875904,0.0170611558332332,0.0686808948315762,0.0117336693310233,0.0228604743932002,0.0146556188503366,0.0178477439111919,0.000706435131183361,0.0160985465684677,0.00491061965660991,0.00301805136381755,0.00037405550983766,0.0277699555940648,0.00959860383944154,0.00724510867663015,0.0145317650730489,0.00896942654859198,0.00973789588642155,0.00903039715997338,0,0,0,0,0,0,0,0,0,0,0,0,0,0,0,0,0,0,0.0132949774529622,0.0020652728199898,0,0.00236379360046123,0,0.000399723827173953,0.000427547194632638,0.00956381837683232,0,0.00421892816419612,0.00785773366418528,0.00142188022750084,0.000293183483997068,0.00341782967815437,0.00551249863552014,0,0,0.00201822165840157,0,0.00481378261971117,0.000940175169478945,0.00551938862156807,0,0,Selenomonas
175,0.252829813170137,0.209074069309733,0.382767503717511,0.132578088240617,0.24532632363615,0.189420097388225,0.173783491529497,0.148752892774492,0.167145725873135,0.101721439749609,0.297358881408597,0.163907363988708,0.224005651481049,0.170783636403137,0.147495230693139,0.271320919461686,0.465130545372933,0.195082854976714,0.253171566653242,0.189370340555108,0.180720541478924,0.316251963484873,0.252366217692028,0.192234302196583,0.00361494175927166,0.0528562173697649,0.0341770341770342,0.0192177159341592,0.0104542510870571,0.0164017453638772,0.000625390869293308,0.0327691056280745,0.0174158523344191,0.00114298458364696,0.00892382874747689,0.00762516303802548,0.00244726721827293,0.0194720026904322,0.011153245594468,0.00493101108346528,0.0094428115815146,0.0162507701786815,0.443088166692583,0.425752167261601,0.692796472800363,0.386220812914385,0.553092974441289,0.2488825902104,0.452213378938367,0.369547729710404,0.621642815134287,0.721436716077537,0.33354011579818,0.471980595516895,0.472367456633276,0.242697553720054,0.411145071498745,0.30710315009265,0.599217374290745,0.480971052935071,0.415321304210193,0.263364580694198,0.359740709584838,0.241013303141806,0.285480839937903,0.271316801485214,Streptococcus
176,0,0,0,0,0,4.42673749446658e-05,0,0,0,0,0,0,0,0,0,0,0,0,0,0,0,0,0,0,0,0.0135284478487863,0.0278492778492778,0,0.040105467665834,0.0107137291569269,0.00813008130081301,0,0.0238436482084691,0.0266510551699144,0.00878218067212012,0.0106350958161934,0.057481645495863,0.0731461240961829,0.0163580935385531,0.0442207645329111,0.0162591457694953,0.0209745327582666,0,0,0,0,0,0,0,0,0,0,0,0,0,0,0,0,0,0,0,0,0,0,0,0,Subdoligranulum
190,0.219046197477424,0.142324217242533,0.258738768927891,0.0157805204676246,0.112227082802048,0.0273572377158035,0.0287156073531179,0.0838776034970429,0.408808126944127,0.0347663321979809,0.211056447436561,0.307598449686588,0.0909494159588625,0.176214994894523,0.159330177347559,0.0813545166372454,0.0825016832497943,0.129383732264703,0.224308632031145,0.0677785166777502,0.122417929662356,0.116352129669679,0.106874165756583,0.0271799423119592,0.00131208997188379,0.00491597119012233,0,0,0.00217411416412249,0.00451924575346735,0,0.00333113839718015,0,0.000390287418806278,0,0.000351158824119595,0.000611816804568232,0.00094165125273247,0,0.000610721556209003,0.000687886936401726,0.00795851304169234,0.0431114912144301,0.0506119326874044,0.0688257796796991,0.0746036321706544,0.0274416594641314,0.0401177368363676,0.0410445306847333,0.0264569181265642,0.0432758282689669,0.00957810718358039,0.0353598014888337,0.0916276346604216,0.0152455411678475,0.0627235039083515,0.0353673179783866,0.0554663372452131,0.0551751125024457,0.0409410679275747,0.0772396327951883,0.15467443628072,0.0541342966005245,0.118596093971129,0.0232862161941335,0.0379923087123724,Veillonella
