,AZ-10_S135,AZ-11_S136,AZ-12_S137,AZ-13_S138,AZ-14_S139,Az-15_S140,AZ-16_S141,AZ-17_S142,AZ-18_S143,AZ-19_S144,AZ-2_S145,AZ-20_S146,AZ-21_S147,AZ-22_S148,AZ-23_S149,AZ-24_S150,AZ-25_S151,AZ-3_S152,AZ-4_S153,AZ-5_S154,AZ-6_S155,AZ-7_S156,AZ-9_S157,ML-8_S158,AZ-10-RS_S292,AZ-11-RS_S293,AZ-12-RS_S294,AZ-13-RS_S295,AZ-14-RS_S296,AZ-15-RS_S297,AZ-16-RS_S298,AZ-17-RS_S299,AZ-18-RS_S300,AZ-19-RS_S301,AZ-2-RS_S302,AZ-23-RS_S303,AZ-24-RS_S304,AZ-25-RS_S305,AZ-6-RS_S306,AZ-7-RS_S307,AZ-8-RS_S308,AZ-9-RS_S309,AZ-10-SAL_S310,AZ-11-SAL_S311,AZ-12-SAL_S312,AZ-13-SAL_S313,AZ-14-SAL_S314,AZ-15-SAL_S315,AZ-16-SAL_S316,AZ-17-SAL_S317,AZ-18-SAL_S318,AZ-19-SAL_S319,AZ-2-SAL_S320,AZ-20-SAL_S321,AZ-21-SAL_S322,AZ-22-SAL_S323,AZ-23-SAL_S324,AZ-24-SAL_S325,AZ-25-SAL_S326,AZ-3-SAL_S327,AZ-4-SAL_S328,AZ-5-SAL_S329,AZ-6-SAL_S330,AZ-7-SAL_S331,AZ-8-SAL_S332,AZ-9-SAL_S333,Family
1,0,0,0,0,0,0,0,0,0,0,0,0,0,0,0,0,0,0,0,0,0,0,0,0,0,0,0.00616316724119921,0,0,0,0.0445738563527817,0,0.00250237293985676,0.0215453000392208,0.00917367912815561,0.00492610837438424,0.01418500198988,0.000469341915585504,0.00641072075335024,0.00461040947428222,0.00431456548347613,0.0103877066167922,0,0,0,0,0,0,0,0,0,0,0,0,0,0,0,0,0,0,0,0,0,0,0,0,[Eubacterium] coprostanoligenes group
2,0,0,0,0,0,0,0,6.10664647402233e-05,0,0,0,0,0,0,0,0,0,0,0,0,0,0,0,0,0,0,0,0.0175497522881854,0,0,0.0298868256235578,0,0.00604021054448184,0,0,0,0,0,0.0223469757334299,0,0.015422276621787,0,0,0,0,0,0,0,0,0,0,0,0,0,0,0,0,0,0,0,0,0,0,0,0,0,Acidaminococcaceae
3,0.0467188765865514,0.00996547494087742,0.0270645245611566,0.0851146111657995,0.0229023931059915,0.0103312235688133,0.0362949581212022,0.0286279586702167,0.029686340377329,0.0271775386489544,0.0172703534217534,0.0130828658144026,0.0160517023551135,0.0170142700329308,0.0464830551858298,0.00913173931679681,0.00825459530372489,0.0259621905730756,0.00305537046366872,0.00957561821083521,0.0168478570208891,0.0267403511899456,0.0824658278265592,0.0258977900552486,0.000156854543553278,0.000478064207700511,0,0,0,0.000302446032286114,0,0.00185729763194552,0.000647165415480197,0,0,0,8.52805730854511e-05,0.00167622112709109,0,0.000174802254949089,0.000367197062423501,0,0.0984223803607064,0.026529307631786,0.0286556308001003,0.03917970858068,0.024399049309546,0.0177464113193326,0.0176101414431573,0.0476855895196507,0.0554533012412101,0.0201342281879195,0.0390448862471818,0.0318743077491078,0.012713823393435,0.0227844482561464,0.0178401773461417,0.0206993334112969,0.0164761649910165,0.0208068175529854,0.00881518003884656,0.0155011241273222,0.0170233680353872,0.0425416241930003,0.0633224340059016,0.0248837501570944,Actinomycetaceae
4,0,0.000214991210653447,0.00182977097701727,0.00144142877232457,0.00425052889001029,0.00361876649731786,0.00215845904793187,0.000390825374337429,0,0.00208834875424196,0.000310245869851858,0.00317299733284282,0.00558813048689624,0.00409524613695854,0.0048121224531586,0.00286997521385043,0.0124703350481272,0.00495930824008138,0.00222651996554582,0.0069500454756062,0.00301667710171324,0.00180497370532133,0.00334932560876256,0.000820096685082873,0,0,0.000104460461715241,0,0,0,0,0,0,0,0,0,0,0,0,0,0,0,0.000715388380586618,0.0003933910306845,0.0049849510910459,0.00334592552617377,0.00875477601612564,0.0120593374216314,0.00718144065944359,0.0103493449781659,0.00382273821322384,0.00437700612780858,0,0.0117733929523731,0.0125288950531669,0.00480274442538594,0.0080228016467856,0.00760145012279266,0.021025268550021,0.0180399535166842,0.00358583594800538,0.00343154656253698,0.0180957061793486,0.00231056744818213,0.00143552117393732,0.00942566293829333,Aerococcaceae
5,0,0,0,0,0,8.51474469957142e-05,0,0,0.000117182922542088,0,0,0,0,0,0,0.000111817216124043,0,0,0,5.14818183378237e-05,0,4.45672519832427e-05,0,0,0,0.000183870849115581,0.00445697969985027,0,0.000363901018922853,0.0359910778420476,0.0801743398161374,0,0.00289067218914488,0.0155052948097791,0.00327631397434129,0.00159374094465372,0.00605492068906703,0.000469341915585504,0.000796812749003984,0,0.00100979192166463,0.00786028408229288,0,0,0,0,0,0,0,0,0,0,0,0,0,0,0,0,0,0,0,0,0,0,0,0,Akkermansiaceae
6,0.000564652738565782,0,0,0.00611728308254816,9.70440385847097e-05,0,0.000445768716420712,0.0036639878844134,0,0.00081213562664965,0,0.000390876483031362,0,0.000738833065946128,0.000716699088768301,0.00100635494511638,0,0.000402678874194642,0,0.00120124242788255,0.00220084618741344,0.00238434798110349,0,0.00554644337016575,0,0.000110322509469349,0.00114906507886765,0,0,0.00155003591546633,0.0109878035380727,0.000503018108651912,0.000647165415480197,0.00392208131781932,0.000620775279348876,0.000434656621269197,0.00073909830007391,0.00164269670454926,0.00025353132922854,0.0007866101472709,0,0.000859323661729768,0.0029745095824391,4.91738788355625e-05,0,0.00188882892606584,0,0.000239816369180171,0,0.000829694323144105,0,0.000583600817041144,0,0.000738400951716782,9.2464170134073e-05,0.000257289879931389,0,0.000233890773009005,0,0,0.00119527864933513,0.0023665838362324,0.000268084535990349,0.00611620795107034,0.00175452587925672,0,Anaerovoracaceae
7,0.00191490928731004,0.000341456628684886,0.000462469587597772,0,0,0,0,0.00425022594591954,0.00582008515292371,0.000232038750471329,0,0.0040467212360894,0,0,0,0.000242270634935426,0,0.00239487962021024,0,0.000257409091689118,0,0.00485783046617346,0.000150870522917232,0.000129488950276243,0,0,0.000661582924196525,0,0,0,0.000622642200490789,0.000154774802662127,0,0.000496796966923781,0,0,0,0,0,0,0,0,0.00135547272111149,0.000467151848937844,0,0,0.000120340563795541,0,0,0.000174672489082969,0,0.00223713646532438,0,0.000738400951716782,0,0.000228702115494568,0,0,0.000496960893000497,0.0002213491229041,0,0.00875636019405988,0,0.0101257220523276,0,0,Atopobiaceae
8,4.9100238136155e-05,5.05861672125757e-05,0,0,0,0,7.03845341716913e-05,0,0,0,0,0,0,0,0,5.59086080620213e-05,0,0,0,0.000137284848900863,0,0,0.000211218732084125,0,0.335485726236537,0.165005699996323,0.226087259305686,0.330632294903015,0.0775109170305677,0.157763411591244,0.0721898692451379,0.0530103699117784,0.00828371731814652,0.143809648320042,0.0235204855842185,0.0647155413889694,0.14455057137984,0.0249421703711154,0.0829047446577327,0.1438622558231,0.270960832313342,0.116488904615074,0,0,0,0,0,0,0,0,0,0,0,0,0,0,0,0,0,0,0,0,0,0.000407747196738022,0,0,Bacteroidaceae
9,0,0,0,0,0,0,0,0,0,0,0,0,0,0,0,0,0,0,0,0,0,0,0,0,0,0,0,0,0,0,0.00329634106142182,0,0,0,0.00444888950200028,0.0100453974693326,0,0,0.00398406374501992,0.0171306209850107,0,0,0,0,0,0,0,0,0,0,0,0,0,0,0,0,0,0,0,0,0,0,0,0,0,0,Barnesiellaceae
10,0,0,0.00313675024631532,0,0,0,0,0,0.000312487793445569,0,0,0.00112664398050216,0,0,0,0,0,0,4.87559116542881e-05,0,0,0,0,0,0.168069643417338,0.0792483359688155,0.0266025975834813,0.0424888739608699,0.0352529112081514,0.0509243506861744,0.0220122330879391,0.295039467574679,0.407239623781172,0.0348280821022356,0.00827700372465168,0.0493093789239834,0.209022684632441,0.215461463676288,0.0515392973560304,0.0169995192937989,0.0807527539779682,0.085300510539352,0,0,0,0,0,0.000308335331803077,0,0,0,0,0,0,0,0,0.000316689538688905,0,0,0,0,0,0,0.000339789330615019,0.000478507057979105,0,Bifidobacteriaceae
11,0.000540102619497705,0.000379396254094318,0.00164880461665293,0.000175783996624947,0.00725889408613629,0.0050946555785769,0.00492691739201839,0.000109919636532402,0.000839810944884965,0.00237839719233112,0.0152537552677163,0.000850731168950612,0.00615504227542194,0.00160432322891159,0.0129688406539026,0.00391360256434149,0.00316917498268009,0.00152594099694812,0.000455055175440022,0.00715597274895749,0,0.0013593011854889,0.0205183911167436,0.00189917127071823,0,0,0,0,0,0,0,0,0,0,0,0,0,0,0,0,0,0,0.00368989796302572,0.00349134539732494,0.0154251316779533,0.000431732325957906,0.00691958241824363,0.0427900921580047,0.0204827177069348,0.0210480349344978,0.0118929633300297,0.000486334014200953,0.155564664890346,0.00455347253558682,0.00485436893203883,0.00631789594053745,0.0354164467433759,0.0346158344053327,0.0116976948660117,0.0149410657960268,0.122964291050351,0.0285173352266004,0.000625530583977481,0.0125722052327557,0.0110056623335194,0.0386452180470026,Burkholderiaceae
12,0,0,0,0,0,0,0,0,0,0,0,0,0,0,0,0,0,0,0,0,0,0,0,0,0.00342465753424658,0.00433935203912772,0.000731223232006685,0.00361071458560752,0.00186499272197962,0.00427205020604136,0.000659268212284364,0,0,0.000392208131781932,0.008035591116016,0.0090311986863711,0.000909659446244812,0,0.00282506338283231,0.00251278241489315,0.00162178702570379,0.00379113380174898,0,0,0,0,0,0,0,0,0,0,0,0,0,0,0,0,0,0,0,0,0,0,0,0,Butyricicoccaceae
13,0.00846979107848673,0.0124062575088842,0.00438340739549193,0.00780480945014766,0.00531801331444209,0.0121335111968893,0.00795345236140112,0.00884242409438433,0.00828092652630757,0.0140383444035154,0.00111171436696916,0.00988687574726387,0.00628462211279925,0.0100270201806975,0.0107504863315245,0.00450996105033638,0.000751757786589231,0.00690912173618176,0.00451804781329736,0.00593756971496233,0.00821522757887947,0.00530350298600588,0.00678917353127546,0.00783408149171271,0,0,0,0,0,0,0,0,0,0,0,0,0,0,0,0,0,0,0.011709778229602,0.00944138473642801,0.000971908703285678,0.00226659471127901,0.000270766268539968,0.0124704511973689,0.00374683860492709,0.0106986899563319,9.43885978573788e-05,0.00476607333916934,0.00594384095101455,0.00656356401526029,0.0034211742949607,0.0112921669525443,0.00754776733875224,0.00210501695708104,0.00172024924500172,0.00675114824857507,0.00149409831166891,0.0126612235238433,0.0031276529198874,0.0110771321780496,0.0130791929180955,0.00578107326881991,Campylobacteraceae
14,0.000564652738565782,0.00575417652043049,0.00705768805420948,0.0190549852341443,0.0131009452089358,0.0290068969432067,0.0192619008516529,0.00810962651750165,0.00408187180188274,0.0381123647649157,0.0051449106750433,0.00282810631840338,0.0243124169879167,0.0116735624419488,0.0079178185044879,0.0112562664231536,0.00536548694742118,0.00559511698880977,0.00325039411028587,0.00559435759271017,0.00309256834955509,0.0053257866119975,0.0266437343471832,0.014222203038674,0,0,0,0,0,0,0,0,0,0,0,0,0,0,0,0,0,0,0.00240972928197598,0.00127852084972463,0,0.00124123043712898,0.000782213664671019,0.0017472335468841,0.00577637618259593,0.00593886462882096,0.00117985747321724,0.000972668028401906,0.00245952039352326,0,0.00286638927415626,0.00228702115494568,0.00126675815475562,0.000818617705531517,0.000611644176000612,0.000608710087986276,0.000747049155834454,0,0.000491488315982306,0.000475705062861026,0.00566233351941941,0.00213648359934649,Cardiobacteriaceae
15,0.0104829008420691,0.0201585876342114,0.00766090925542396,0.013218956546196,0.0219901791432952,0.0313626429767547,0.0182295943504681,0.00945308874178656,0.00970665208390297,0.0134002378397192,0.0142713100131854,0.0139565897176492,0.0436360102368072,0.054779194460863,0.0132759974062319,0.0690657671592836,0.0307336271576185,0.0166793828416412,0.0487071557426338,0.0299624182726134,0.0561215777790426,0.040667617434709,0.0126731239250475,0.0153228591160221,0,0,0.000383021692955883,0.000167940213284071,0.000500363901018923,0,0,0,0.000819742859608249,0,0.000103462546558146,0.000169033130493577,5.68537153903008e-05,0.000435817493043682,0.000434625135820355,0,0,0,0,0,0,0.00361575822989746,0.00135383134269984,0,0,0.00375545851528384,0,0,0,0,0,0,0.000897287026285232,0,0,0,0,0,0,0,0,0,Carnobacteriaceae
16,0,0,0,0,0,0,0,0,0,0,0,0,0,0,0,0,0,0,0,0,0,0,0,0,0,0.00106645092487037,0.00623280754900937,0,0,0.000642697818607992,0.0380910522653188,0,0.000345154888256105,0.0137272846123676,0.00289695130362809,0.00024147590070511,0.00261527090795383,0.000301719802876395,0.00101412531691416,0.0127168640475462,0.00131578947368421,0.00318455239346914,0,0,0,0,0,0,0,0,0,0,0,0,0,0,0,0,0,0,0,0,0,0,0,0,Christensenellaceae
17,0,0,0,0,0,0,0,0,0,0,0,0,0,0,0,0,0,0,0,0,0,0,0,0,0,0.0151141837973008,0.00257669138897594,0.00155344697287766,0.00450327510917031,0.000453669048429171,0.0254550781965352,0.000193468503327658,0.000431443610320131,0.0218329193358609,0.00224168850875983,0.010914710711871,0,0.0114988769318448,0.0116624411445129,0.00714504217104401,0.000734394124847001,0.00121316281655967,0,0,0,0,0,0,0,0,0,0,0,0,0,0,0,0,0,0,0,0,0,0,0,0,Clostridiaceae
19,0,0,0,0,0,0,0,0,0,0,0,0,0,0,0,0,0,0,0,0,0,0,0,0,0,0.00967160666347957,0.00915770047703611,0,0.0231532023289665,0.037049638955049,0.0232208914771271,0,0.0827077400983691,0.04356124983658,0.00848392881776797,0.00690621076016614,0,0.0412015153038989,0.0248098515030786,0.016453262247083,0.0109547123623011,0.0198402668958196,0,0,0,0,0,0,0,0,0,0,0,0,0,0,0,0,0,0,0,0,0,0,0,0,Coriobacteriaceae
21,0.056072471951489,0.0186157095342279,0.0163472945529126,0.0870130783293489,0.0291714379985637,0.0451139556665626,0.110456795626774,0.00861037152837148,0.0214444748252021,0.0324274153783682,0.0187698751260374,0.0114733744136853,0.0100262399170689,0.0231360297221988,0.122043616258831,0.00786447753405766,0.00546866938871774,0.0251568328246863,0.00505436284149453,0.0131450242822576,0.0101504543988465,0.0240440324449594,0.0610422135723122,0.0279264502762431,0,0,0,0,0,0,0.000146504047174303,0,0,0.000104588835141849,0,9.65903602820439e-05,0,0,0,6.55508456059083e-05,0,0,0.0432245189954441,0.0208988985051141,0.00191246551291698,0.0025364274150027,0.00905562742561449,0.0388502518071876,0.0217004402535361,0.0160262008733624,0.024305063948275,0.016340822877152,0.126152900184464,0.0227263404028387,0.00656495607951919,0.016609491137793,0.0197403145782751,0.00666588703075664,0.00271417103100271,0.0127275745669858,0.00373524577917227,0.00047331676724648,0.00701487869174746,0.00924226979272851,0.0552675651965866,0.0199195676762599,Corynebacteriaceae
25,0,0,0,0,0,0,0,0,0,0,0,0,0,0,0,0,0,0,0,0,0,0,0,0,0.000810415141691938,0.000919354245577906,0.00114906507886765,0.00243513309261903,0.000773289665211063,0.00109636686703716,0.00838735670072886,0.00971211886704844,0.0016394857192165,0.0015165381095568,0.00244861360187612,0.0019801023857819,0.00181931889248962,0.0104931442555902,0.000688156465048895,0.00220687846873225,0.000826193390452876,0.00118788859121468,0,0,0,0,0,0,0,0,0,0,0,0,0,0,0,0,0,0,0,0,0,0,0,0,Eggerthellaceae
26,0,0,0,0.00108986077907467,3.88176154338839e-05,0,0.000211153602515074,0,0,0,0.000129269112438274,4.5985468591925e-05,0,0,0,0,0,0,0,0,0,0,0.000301741045834465,0,0.0021959636097459,0,0.000800863539816846,0.00222520782601394,0.00359352256186317,0.00325129484707572,0,0.00812567713976165,0.00112175338683234,0.00713818799843117,0.000931162919023314,0,0.00301324691568594,0,0.000543281419775444,0.0007866101472709,0.00195838433292534,0.00619218520952333,0,0,0,0,0,0,0,0.000131004366812227,0,0,0,0,0,0,0.00036947112847039,0,0,0,0,0,0,0,0,0,Enterobacteriaceae
28,0,0,0,0,0,0,0,0,0,0,0,0,0,0,0,0,0,0,0,0,0,0,0,0,0.0115549513750915,0.0367741698231162,0.0209269124969532,0.0207406163405828,0.0302492721979622,0.000567086310536464,0.00457825147419697,0.0602847856368983,0.0139356286133402,0.00400052294417571,0.00838046627120982,0.0134985028494156,0.0137301722667576,0.0114988769318448,0.0161535675479899,0.00624918061442993,0.0197368421052632,0.00864378506798767,0,0,0,0,0,0,0,0,0,0,0,0,0,0,0,0,0,0,0,0,0,0,0,0,Erysipelatoclostridiaceae
29,0.00019640095254462,0,0,0.00193362396287442,0.000426993769772723,0,0,0.00280905737805027,0,0,0,0,0,0,0,7.45448107493617e-05,0,0.00296710749406578,0,0.000223087879463903,0,0.000445672519832427,0,0.000107907458563536,0.00269266966433128,0.000809031736108557,0.000696403078101605,0.0087748761440927,0.00313864628820961,0.0021171222260028,0.016921217448632,0.00936387556105866,0.00194149624644059,0.0386194273761276,0.0153124568906056,0.0244132135612866,0.000824378873159361,0.0124710851855577,0.0170228178196306,0.00198837565004589,0.00149938800489596,0.011019562250417,0.000188260100154373,0.000270456333595594,0,0.000431732325957906,0,0.000548151700983247,0,0.000174672489082969,0,0,0,0,0,0.000142938822184105,0,0.000935563092036019,0,0.000719384649438327,0,0,0,0.00584437648657832,0,0,Erysipelotrichaceae
32,0.0103356001276606,0.0388501764192582,0.0290350471517906,0.0302700042188159,0.043145779554762,0.0533164930604831,0.0655045398024541,0.0457021422115831,0.045232608101246,0.101836006613104,0.0134439876935805,0.0207164536006622,0.0451423758463183,0.0299121844127333,0.0477116821951469,0.0233697981699249,0.0174525729278755,0.0276788741946423,0.0359006029481075,0.0314039091860724,0.0217238696947275,0.0242891523308673,0.0436317552276636,0.0258762085635359,0,0,0,0,0,0,0,0,0,0,0,0,0,0,0,0,0,0,0.0128769908505591,0.0194728560188828,0.00783797341359418,0.021856449001619,0.0109810764463432,0.043338243858988,0.0173603522028289,0.0404366812227074,0.0035867667185804,0.00700320980449373,0.0275671244107399,0.0129220166550437,0.0136846971798428,0.0219839908519154,0.0287659664309089,0.00456087007367559,0.00863947398600864,0.0108461070223009,0.00672344240251008,0.0065081055496391,0.00960636253965417,0.0090383961943595,0.0239253528989553,0.0158979514892547,Flavobacteriaceae
33,0.0487074362310657,0.0579591010838086,0.0284720406973237,0.060153283645057,0.0522291015662908,0.112337865069679,0.0595687774206414,0.092173721878893,0.00257802429592594,0.116077384923282,0.048760309211717,0.0590683344063276,0.045207165765007,0.0359495060373216,0.0530357325688543,0.0940010063549451,0.0136200822511461,0.0431502204136996,0.0450179584274593,0.0836922760111887,0.0819435748572296,0.0522773865763437,0.0489122235297668,0.157566470994475,0,0,0,0,0,0,0,0,0,0,0,0,0,0,0,0,0,0,0.0274859746225385,0.00582710464201416,0.000846501128668172,0.00966001079330815,0.00150425704744427,0.00191853095344136,0.00224810316295626,0.0104366812227074,0.000283165793572136,0.0227604318646046,0.00307440049190408,0.011650326127087,0,0.000514579759862779,0.00174179246278898,0.0098234124663782,0.000114683283000115,0.00431630789662996,0.00224114746750336,0,0.00285956838389706,0.0131158681617397,0.0211340617274105,0.00408445393992711,Fusobacteriaceae
34,0.0147055213217784,0.0314393029226158,0.00987272032654374,0.0170510476726199,0.0242027832230266,0.018462804756904,0.0182295943504681,0.0317667749578641,0.00148431701886645,0.0102677147083563,0.0097210372553582,0.00556424169962292,0.0311315559298973,0.0359072870049818,0.0261083239479881,0.0457705138001081,0.0319865568019339,0.0463928450322143,0.00674456777884318,0.0373071576888096,0.0273018764111029,0.0524779392102683,0.0190398599921547,0.045990158839779,0,0.000220645018938697,0,0.000125955159963053,0.000227438136826783,0.000189028770178821,0,0.000657792911314038,0,0,0,0.000193180720564088,0,0,0.000362187613183629,0,0,0.000126371126724966,0.01893896607553,0.0353314319433517,0.0224166039628794,0.0901780895844576,0.0909172959475315,0.0502586590839015,0.0509882286820495,0.0567685589519651,0.00877813960073623,0.0455208637292092,0.00194712031153925,0.0221110062764081,0.0598705501618123,0.0442252715837622,0.0738942256940779,0.075429774295404,0.052027982721052,0.0867688561784074,0.0159868519348573,0.0223642172523962,0.0538849917340601,0.0161060142711519,0.0267166440705,0.046562774915169,Gemellaceae
36,0.0368497287211843,0.0252298508972721,0.0278286047493616,0.0589579524680073,0.0186130466005473,0.036059943802685,0.0103230650118481,0.0350887906397323,0.0157806335690012,0.0269164950546741,0.0292665270560252,0.0174054998620436,0.00754802552722796,0.033965211517352,0.0220470291116344,0.0269852214912689,0.00129715069058534,0.0332104103085792,0.0155043799060636,0.0197690182417243,0.0300908797692906,0.0241777342009092,0.0120696418333786,0.0493137085635359,0.32413991425285,0.39591071231567,0.39252759497197,0.365395919052817,0.568913755458515,0.309591319798873,0.108193238838223,0.479337563844606,0.337906635602727,0.270597463720748,0.238791557456201,0.279363469525741,0.384245835465348,0.390023131851554,0.280188337558855,0.365839269326574,0.377019583843329,0.187155638679674,0.0155126322527204,0.0130802517702596,0.0017557060446451,0.012790070156503,0.00427209001474172,0.0166843673986776,0.00468354825615887,0.0121397379912664,0,0.00534967415621049,0.0107604017216643,0.00890183369569676,0.00217290799815072,0.0286163522012579,0.0060171012350892,0.00760145012279266,0.000917466264000918,0.0147750539538487,0.000597639324667563,0.0491066146018223,0.00455743711183593,0.0327556914712878,0.0107664088045299,0.00948850069121528,Lachnospiraceae
39,0.188422163847495,0.123518773791307,0.0433917117406953,0.110990015468992,0.0859810181860528,0.0897596003746488,0.194495929427774,0.109174625662571,0.184367798132885,0.122255416654581,0.169394244939114,0.0758760231766762,0.0410606109689332,0.0903909482394663,0.119995904576636,0.0563931493318921,0.0593299037455226,0.134749067480502,0.0980156343956705,0.13167333070204,0.120799893752253,0.114872091986808,0.0765517033282037,0.129402624309392,0,7.35483396462325e-05,0,0,0,0,0,0,0,0,0,0,0,0,0,0,0,0,0.126812003463986,0.0482149881982691,0.00398169049410584,0.03815434430653,0.00857426517043232,0.0387474733632533,0.0389046741811596,0.0479475982532751,0.00962763698145264,0.0135200855947865,0.0425292068046731,0.0958690568978956,0.0116967175219602,0.106546598056032,0.0401667898237095,0.0226874049818735,0.00603998623800604,0.0240717171158209,0.0248020319737039,0.0797538752810318,0.061167954961798,0.0513761467889908,0.034771512879815,0.0204222696996355,Leptotrichiaceae
43,0.000515552500429627,0.00792938171057124,0.00629360786600446,0.0286527914498664,0.0466005473283776,0.0220815712542219,0.0242826642892335,0.0117858276948631,0.0178899261747588,0.017983003161528,0.000801468497117299,0.0202565989147429,0.0266772490200525,0.00303977032846407,0.0112282857240367,0.00559086080620213,0.0700019162453384,0.00754493048491014,0.0165120020802522,0.00490793334820586,0.0097899709715977,0.0183839914430876,0.0630940526839866,0.00192075276243094,0,0.000404515868054279,0,0,0.000454876273653566,0,0,0.00023216220399319,0,0,0,0,0,0,0.000181093806591815,0,0,0.000176919577414952,0.00805753228660718,0.0372492132179386,0.0366503636819664,0.0555315704263357,0.0126658443394807,0.0480660522799685,0.0675367658538109,0.0731004366812227,0.125631223748171,0.00972668028401906,0.0253125640500102,0.0137014398818558,0.0311604253351826,0.0230703259005146,0.100548928533727,0.0411647760495848,0.0878856225390879,0.0316529245752864,0.099805767219483,0.0123062359484085,0.0163978374514097,0.0325518178729188,0.0141957093867135,0.0811863767751665,Micrococcaceae
45,0,0,0,0,0,0,0,0,0,0,0,0,0,0,0,0,0,0,0,0,0,0,0,0,0.00379065146920422,0.00820063987055492,0.00201956892649466,0,0.00200145560407569,0.00601111489168652,0.00043951214152291,0,0.00138061955302442,0.00237939599947706,0.00296592633466685,0.00313918670916643,0.00488941952356587,6.70488450836434e-05,0.000796812749003984,0.00321199143468951,0.00205018359853121,0.00227468028104939,0,0,0,0,0,0,0,0,0,0,0,0,0,0,0,0,0,0,0,0,0,0,0,0,Monoglobaceae
48,0.0103110500085925,0.0549492241346604,0.0506906882753906,0.0180705948530446,0.1045940647866,0.0772854993897766,0.0372803415996058,0.0234006692884536,0.0213077614155697,0.0404907619572469,0.0357299826779389,0.0326266899659708,0.122922673232045,0.05534915139745,0.0379509231766834,0.047242773812408,0.0587845108415265,0.0123770769752458,0.0777819310591409,0.0711650335489849,0.0219135978143321,0.0263392459220964,0.0646631061223258,0.0246029005524862,0,0,0,0,0,7.56115080715285e-05,0,0,0,0,0,0,0,0,0,0,0,0,0.0181482736548816,0.127286585365854,0.052514421871081,0.0370750134916352,0.131291555100936,0.148035218746788,0.134511505916883,0.118471615720524,0.0217565718061258,0.0114774827351425,0.116724738675958,0.0811830824137507,0.128201571890892,0.140623213264723,0.0941095745803864,0.229563793708338,0.0424710424710425,0.100049803552653,0.115643209323173,0.0625961424683469,0.107859344980117,0.0491335372069317,0.233750697822793,0.23746386829207,Neisseriaceae
49,0,0,0,0,0,0,0,0,0,0,0,0,0,0,0,0,0,0,0,0,0,0,0,0,0.00878385443898358,0.0027212885669106,0.0122915143284933,0.0106222184902175,0.000909752547307132,0.00914899247665495,0.0717869831154086,0,0.00194149624644059,0.0455222904954896,0.0097599668919851,0.0057229788467111,0.0153789300130764,0.00258138053572027,0.00764215863817457,0.0147052396975921,0.00630354957160343,0.0115755952080069,0,0,0,0,0,0,0,0,0,0,0,0,0,0,0,0,0,0,0,0,0,0,0,0,Oscillospiraceae
50,0,0,0,0,0,0,0,0,0,0,0,0,0,0,0,0,0,0,0,0,0,0,0,0,0,0,0,0,0,0,0,0,0,0,0,0,0,0,0,0,0,0,0.0202944387966414,0.0292338709677419,0.0315713569099574,0.0599028602266595,0.0253617738199103,0.053479050327178,0.0432135385768258,0.0110043668122271,0.0370475246590212,0.14269039976656,0.00440664070506251,0.0086557000451245,0.0536292186777624,0.0879073756432247,0.0295049086878497,0.0501695708104315,0.0230895676440231,0.0359138951911903,0.0543851785447482,0.0204709501834102,0.0962870291765337,0.0150186884131838,0.0177845123215567,0.0502702023375644,P5D1-392
51,0.000662853214838092,0.000746145966385492,0.000462469587597772,0.00608212628322318,0.000291132115754129,0.0080748162234269,0,0.00106255648647988,0,0.00214635844185979,0,0.000620803825990987,0,0.000464409355737567,0,0.0015654410257366,0,0.000868938623262123,0,0.00121840303399516,0.00130912402527179,0.000155985381941349,0.000271566941251018,0.0100785566298343,0,0,0,0,0,0,0,0,0,0,0,0,0,0,0,0,0,0,0.00655145148537219,0.000491738788355625,0,0.00156502968159741,0,0.00400835931344,0,0.000567685589519651,0,0.00194533605680381,0,0.000902490052098289,0,0.00100057175528874,0.000527815897814842,0,0,0.000553372807260251,0,0,0.000268084535990349,0.000475705062861026,0.00717760586968658,0,Paludibacteraceae
53,0.00260231262121621,0.0247619288505558,0.0300605231938552,0.013289270144846,0.0477456669836772,0.0309085232594443,0.0279426600661615,0.0141185666479396,0.00564431076911058,0.0241610348928271,0.0502598309160009,0.0105306723075508,0.0894100877903398,0.0147977708350925,0.0169277499061465,0.0827633761344788,0.0832977108238381,0.0143056968463886,0.0246379873559669,0.0369467849604448,0.0278710607699167,0.0247571084766913,0.0282731359946894,0.0205455801104972,0.000156854543553278,0.00319935277461111,0.000974964309342247,0,0.000773289665211063,0.000945143850894106,0,0,0,0,0.000379362670713202,0.000289771080846132,0.000284268576951504,0,0,0.000284053664292269,0.00107099143206854,0.00189556690087449,0.0143454196317632,0.0212922895357986,0.0316027088036117,0.0525094441446303,0.025722795511297,0.0400835931343999,0.0508008867518032,0.0320960698689956,0.0071263391382321,0.00700320980449373,0.031153924984628,0.0106247692497026,0.0456773000462321,0.0214408233276158,0.0378443998733242,0.0180095895216934,0.0597117626820597,0.022079575009684,0.0104586881816824,0.00674476393326234,0.0388722577186006,0.0137954468229698,0.0180237658505463,0.0360688701772025,Pasteurellaceae
54,0,0.000265577377866023,0,0.00959780621572212,0.000426993769772723,0.00217125989839071,0,0.00101370331468771,0,0.00205934391043304,0,0.000252920077255587,0,0,0.000170642640182929,0.00361542332134404,0,0.000317904374364191,0,0,0.000967613409983494,0.0015598538194135,0,0.00794198895027624,0,0,0,0,0,0,0.000586016188697213,0,0,0,0,0,0,0,0,0,0.000611995104039168,0,0,0,0,0.000539665407447383,0,0.000376854294425982,0,0,0,0,0,0,0,0,0,0,0,0.000498035526534226,0,0,0,0.00054366292898403,0,0,Peptococcaceae
55,0.0027250632165566,0.0023901964007942,0,0.00646885107579806,0.00452225219804747,0.00404450373229643,0.00668653074631068,0.000476318424973741,0,0.0068451431389042,0,0.00156350593212545,0.00197609252000389,0.00105547580849447,0.000136514112146343,0.00102499114780372,0,0.000551034248897932,0.000926362321431474,0.00355224546530983,0.00208700931565067,0.000646225153757019,0.00132766060167165,0.0115892610497238,0.0046794938826728,0.0371051373515243,0.0186984226470281,0.00810311529095642,0.0388464337700146,0.0164076972515217,0.0672453576530052,0.0171800030954961,0.0123392872551558,0.0204994116878023,0.0433508070078632,0.00664058726939051,0.00670873841605549,0.0167622112709109,0.0573342991669685,0.0357907617008259,0.0134944920440636,0.0163271495728656,0.00124251666101886,0.000270456333595594,0,0.00172692930383162,0,0.00222686628524444,0,0.000480349344978166,0,0.000778134422721525,0,0.000902490052098289,0,0.000457404230989137,0,0.00233890773009005,0,0.000830059210890377,0,0.00201159626079754,0.000268084535990349,0.00842677539925246,0.00183427705558657,0.000314188764609778,Peptostreptococcaceae
56,0.00127660619154003,0.0537604492051648,0.00932982124545071,0.0185979468429194,0.0275605069580576,0.0193994266738569,0.0166107500645192,0.0201275067783776,0,0.0243060591118717,0.0100312831252101,0.00892118090683344,0.0435550228384463,0.0560879844633961,0.0327975154431589,0.0547158910900315,0.0356274229448269,0.0151746354696507,0.0577269993986771,0.039915569817926,0.0478114861403609,0.014239237008646,0.0192510787242389,0.0247323895027624,0,0,0,0,0,0,0,0,0,0,0,9.65903602820439e-05,0,0,0,0,0,0,0.00225912120185248,0.0340529110936271,0.00642713819914723,0.023907177549919,0.0324618670838473,0.0557401760937339,0.0190464295750461,0.0127510917030568,0,0.00894854586129754,0.00307440049190408,0.0362226689092177,0.0426259824318077,0.0710977701543739,0.0288715296104719,0.0633843994854403,0.00863947398600864,0.0166565214985336,0.0389959659345585,0.012779552715655,0.0604530628658237,0.00496092422697927,0.0312624611213015,0.0541033052658037,Porphyromonadaceae
57,0.0537647607590897,0.10526981396937,0.0399734582671466,0.129623119111236,0.0507734409875201,0.0787330059887038,0.0457264857002088,0.119384938567136,0.0196281395257998,0.112567798822403,0.0218464800020683,0.152004966430608,0.101558197544462,0.115511272481635,0.054708030442647,0.0598594830317375,0.00732595333205584,0.177772126144456,0.0690546228730234,0.141043021639524,0.149410894188628,0.0704608253855067,0.0179837663317341,0.0858943370165746,0,0,0,0,0,0.157309742542815,0.0916749075193202,0,0.000517732332384157,0.102575500065368,0.437991447096151,0.277624843040665,0,0,0.255161173487867,0.00209762705938907,0,0.266061770206743,0.055875597725818,0.0561073957513769,0.0126975169300226,0.0788990825688073,0.0277384999548723,0.0759190105861797,0.0103038061635495,0.022882096069869,0.00556892727358535,0.0274292384009338,0.00809592129534741,0.0441809902777208,0.0115117891816921,0.0812750142938822,0.00781167528765966,0.047479826920828,0.00818074085400818,0.0359138951911903,0.0212161960256985,0.20967932789019,0.118225280371744,0.248725790010194,0.0378818087566792,0.0277114490385824,Prevotellaceae
58,0,0.00106230951146409,0.0019906299640078,0.00351567993249895,0.00815169924111562,0.00280986575085857,0.0065457616779673,0.00376169422799775,0,0.00365461031992343,0.000387807337314822,0.00204635335234066,0.00178172276393793,0.00713501646542261,0.00307156752329272,0.0103617286941613,0.000619094647779366,0.00525601898948796,0.000438803204888593,0.00274569697801726,0.00314948678543647,0.00236206435511186,0.00757370025044507,0.00813622237569061,0,0,0,0,0,0,0,0,0,0,0,0,0,0,0,0,0,0,0.00278624948228472,0.00233575924468922,0.000815149235013795,0.00302212628170534,0.00646830530401035,0.00404261879475145,0.00858650513629125,0.011528384279476,0,0.000291800408520572,0.0040992006558721,0.00237929195553185,0.00110957004160888,0.00748999428244711,0.00295576902776312,0.000818617705531517,0.000191138805000191,0.00796856842454762,0.000448229493500672,0.00047331676724648,0.00241276082391314,0.00129119945633707,0.0126006858601164,0.00402161618700515,Propionibacteriaceae
62,0.000147300714408465,7.58792508188636e-05,0.000180966360364346,0.000210940795949937,0.000116452846301652,5.67649646638095e-05,0.000140769068343383,0.000122132929480447,0.000156243896722784,8.70145314267483e-05,0.000155122934925929,0,4.8592439016489e-05,0.000147766613189226,0,9.31810134367021e-05,7.37017437832579e-05,0,0.000227527587720011,0.000120124242788255,0.000132809683723225,0.000111418129958107,0.000181044627500679,0.000172651933701657,0.0021959636097459,0.00161806347221711,0.0183154009540722,0.00709547401125199,0,0.00132320139125175,0.0706515767498077,0,0.00366727068772111,0.0197149954242385,0.000586287763829494,0.00796870472326862,0.0226562055830349,0.000670488450836434,0.00735240854762767,0.0249311716121138,0.00872093023255814,0.00384168225243896,0,0,0,0,0,0,0,0,0,0,0,0,0,0,0,0,0,0,0,0,0,0,0,0,Rikenellaceae
63,0,0,0,0,0,4.25737234978571e-05,9.38460455622551e-05,0,0,0,0,0,0,0,0,0,0,0,0,0,0,0,0.000452611568751697,0,0.112752274390882,0.171404405545545,0.191963508478707,0.0978251742379713,0.173899199417758,0.0818872632414653,0.11932754642347,0.02693081566321,0.0781344378289758,0.129376389070467,0.140502138225962,0.171592775041051,0.146028767979987,0.216903013845587,0.106338283230714,0.291242407027051,0.169339045287638,0.162033058686751,0,0,0,0,0,0,0,0,0,0,0,0,0,0,0,0,0,0,0,0,0,0,0,0,Ruminococcaceae
64,0.00260231262121621,0.00820760563024041,0.00637403735949973,0.020074532414569,0.00450284339033053,0.0281979961967474,0.0426295661966544,0.0474120032243093,0.00751923752978399,0.0304840908431708,0.000879029964580263,0.00933505012416077,0.00137678577213386,0.027104618762138,0.00276441077096345,0.00695130360237798,0.00798926902610516,0.0204942353340115,0.000861354439225756,0.0227034818869802,0.0188589750886979,0.00456814332828238,0.00274584351709363,0.0252503453038674,0,0,0,0,0,0,0,0,0.000129433083096039,0,0,0,0,0,0,0,0,0,0.00218381716179073,0.000368804091266719,0,0,0,0.0005824111822947,0,0.00235807860262009,0,0.00136173523976267,0,0,0,0.00251572327044025,0.000791723846722263,0.00549643316571161,0.000152911044000153,0.000442698245808201,0,0.0150278073600757,0.000402126803985523,0.0192320761128101,0.0043863146981418,0.00119391730551715,Saccharimonadaceae
65,0.0298774949058503,0.0322233885144107,0.0176743811955844,0.0550203909436085,0.00543446616074375,0.042020265092385,0.027215353213054,0.120997093236278,0.017284481074958,0.0638396612234243,0.0162620543447349,0.0509748919341488,0.00364443292623668,0.0243181626277126,0.0390430360738541,0.00915037551948415,0.00036850871891629,0.0351390301797219,0.015634395670475,0.0216738455202238,0.0271880395393401,0.0211025938140654,0.0114963338462931,0.0153444406077348,0,0,0,0,0,0,0,0,0,0,0,0,0,0,0,0,0,0.00429661830864884,0.0234948604992658,0.00698269079464988,0,0.00609821910415542,0,0.00219260680393299,0.00134261716676554,0.0162882096069869,0,0.00758681062153487,0.0130149620823939,0.0107478360749887,0.000277392510402219,0.00700400228702115,0.00876174390372638,0,0,0.00315422500138343,0,0.0137261862501479,0.00160850721594209,0.0131838260278627,0.00462556822713135,0.000816890787985422,Selenomonadaceae
67,0.000859254167382712,0.00041733587950375,0.000361932720728691,0.0183166924483195,0.000252314500320245,0.00183067011040786,0.00232268962766581,0.00202740662937541,0,0.00298749891231836,0,0.00119562218339005,0,0.000422190323397788,0.000443670864475615,0.000931810134367021,0,0.000826551373346897,0.000162519705514294,0.000171606061126079,0.000683021230576584,0.00111418129958107,0,0.00640970303867403,0,0,0,0,0,0,0,0,0,0,0,0,0,0,0,0,0,0,0,0.000737608182533438,0,0.00609821910415542,0,0.00219260680393299,9.36709651231773e-05,0.00187772925764192,0,0.00301527088804591,0.000204960032793605,0.000943512327193666,0,0.000343053173241852,0,0,0,0.0013280947374246,0,0,0.00031276529198874,0.00237852531430513,0.00669909881170747,0,Spirochaetaceae
68,0.249502860088871,0.205544243926498,0.367482355779864,0.128779355927436,0.242726549308076,0.182172962847331,0.169673650376557,0.141307799408877,0.165813835397055,0.0961510572265568,0.296905297448228,0.157523222661639,0.220852635329943,0.1659419066115,0.142486604552746,0.266385881212844,0.458233221798028,0.19086978636826,0.245193479709415,0.18569491874453,0.175783102813668,0.309564132275604,0.251018376029691,0.186982044198895,0.00373836662135313,0.0510057735446622,0.0332880671332567,0.019019229154421,0.0112354439592431,0.0159162224490567,0.000549390176903637,0.0327348707630398,0.0183794977996376,0.00107203556020395,0.00869085391088426,0.00758234328214044,0.00258684405025868,0.0210868617788059,0.0114451285766027,0.00585587554079448,0.00924112607099143,0.0159985846433807,0.429157724311909,0.410552714398112,0.669989967394031,0.361521856449002,0.539065555522128,0.234643187502141,0.429325256814563,0.361091703056769,0.598612487611497,0.615407061569886,0.330600532896085,0.462977396726422,0.446925566343042,0.219239565465981,0.397603715823921,0.290726230850193,0.585381704193585,0.461568258535776,0.392051396981921,0.246006389776358,0.324829096108306,0.232483860006796,0.278650610096499,0.257132084956642,Streptococcaceae
69,0,0,0,0,0,0,0,0,0,0,0,0,0,0,0,0,0,0,0,0,0,0,0,0,0,0.00485419041665134,0.00682475016539573,0.0117138298765639,0.00864264919941776,0.00986730180333447,0.00578690986338498,0,0,0.00536017780101974,0.00820802869361291,0.0107939727615184,0.00469043151969981,0,0.0140890981528432,0.00517851680286676,0,0.00641965323762827,0,0,0,0,0,0,0,0,0,0,0,0,0,0,0,0,0,0,0,0,0,0,0,0,Sutterellaceae
71,0.00139935678688042,0.0102689919441529,0.00235256268473649,0.0140978765293208,0.0042117112745764,0.0109840206624471,0.00403537995917697,0.0100026869244486,0.00171868286395063,0.0111668648664327,0.00899713022570387,0.00899015910972133,0.00181411772328226,0.00369416532973064,0.00662093443909764,0.00270224938966436,5.89613950266063e-05,0.00587063411325873,0.00253530740602298,0.00523398486434541,0.00489498548579885,0.00283002050093591,0.0029872363537612,0.00718663674033149,0.0120777998536024,0.00323612694443423,0.0139628817159372,0.0408514568813502,0.00245633187772926,0.0161052512192356,0.0119034538329121,0,0,0.0197672898418094,0.00503517726582977,0.00603689751762774,0.00662345784297004,0.00144155016929833,0.0132198478812025,0.00937377092164489,0,0.00669766971642319,0.00417937422342709,0.00277832415420928,0,0.00431732325957906,0.000992809651313216,0.00222686628524444,0.000624473100821182,0.00266375545851528,0,0.00243167007100477,0.0116827218692355,0.0033638265578209,0,0.00906232132647227,0.00121397656497414,0,0,0.00232416579049306,0,0.00082830434268134,0.00116169965595818,0.00101936799184506,0.0105271552755403,0.00207364584642453,Tannerellaceae
74,0.216311099108831,0.14046513980752,0.248889067621097,0.0157502460975953,0.112066455757623,0.0263105611216757,0.0280365061117237,0.080681013214783,0.405941174172884,0.0328624880355019,0.210734507096874,0.298767589441736,0.0897178399041109,0.171578147428861,0.153919661445002,0.0803593059878119,0.0812782830441768,0.128475754493048,0.217240090360956,0.0674068608103238,0.119263095983456,0.114248150459043,0.106303370447482,0.029113432320442,0.00128097877235177,0.00577354466222925,0,0,0.0107350800582242,0.0762920116441722,0.00791121854741237,0.00410153227054636,0,0.0176232187214015,0,0.0224089635854342,0.00730570242765365,0.0171645043414127,0,0.00622733033256129,0.000673194614443084,0.0388970328059445,0.04175609021424,0.049345987411487,0.0665600702282418,0.0698327037236913,0.0267456903035591,0.037822467367844,0.0389671214912418,0.0258515283842795,0.0416725659540328,0.00817041143857601,0.0350481656077065,0.0898798047339705,0.0147018030513176,0.0567753001715266,0.0343080333579647,0.0525084785405216,0.0542834206200543,0.0392894693154778,0.0729119976094427,0.163412613891847,0.0492381931102274,0.130343187223921,0.0234468458409762,0.0360060324242805,Veillonellaceae
76,0.00265141285935237,0.00671531369746943,0.00293567651257716,0.00481648150752356,0.01104361159094,0.0100048250219964,0.00565422424512587,0.0106255648647988,0.00728487168469982,0.00904951126838182,0.00400734248558649,0.00471351053067231,0.012520651786582,0.00415857468546821,0.00986314460257329,0.00721221044000075,0.00644153240665674,0.00417514411664971,0.00256781134712584,0.00713881214284489,0.0073804238526192,0.00492468134414832,0.00470716031501765,0.0103591160220994,0,0,0,0,0,0,0,0,0,0,0,0,0,0,0,0,0,0,0.00335102978274784,0.0360690401258851,0.00191246551291698,0.00820291419320022,0.00358013177291736,0.00681763678097914,0.00462110094607675,0.0219650655021834,0.0435603379111803,0.00564147456473106,0.00153720024595204,0.00266644788119949,0.093712436430883,0.00345911949685535,0.0131426158555896,0.00397614314115308,0.00753086891700753,0.0233523324663826,0.00119527864933513,0.00094663353449296,0.00268084535990349,0.00129119945633707,0.0195390382008135,0.0143898454191278,Weeksellaceae
